ch_changeIdNum,COUNT(ch_changeIdNum)
108,10
122,34
137,46
142,177
162,177
253,186
254,34
255,186
256,186
257,186
258,186
259,186
260,186
261,177
262,186
263,186
264,186
265,186
268,25
270,25
271,186
272,186
273,186
274,46
275,34
276,25
277,177
278,177
280,1
282,1
283,186
284,186
285,186
286,186
287,186
288,186
289,186
290,186
291,186
292,186
293,186
294,186
295,186
296,186
297,34
298,34
299,186
300,186
301,186
302,186
303,177
304,186
305,186
306,186
307,186
308,40
309,177
311,177
313,177
315,12
316,40
319,34
321,32
325,40
330,177
331,32
332,40
336,186
337,186
338,186
339,186
340,186
341,186
342,177
344,32
345,186
346,186
347,186
354,1
356,10
360,10
363,177
373,32
377,186
378,186
379,186
380,186
381,186
384,32
385,186
386,186
387,186
388,186
390,186
391,186
392,186
396,1
397,32
735,177
978,32
1015,2
1022,186
1023,186
1024,186
1025,186
1026,186
1029,2
1032,186
1033,186
1034,186
1035,186
1036,34
1041,186
1042,186
1044,186
1045,186
1046,186
1047,186
1048,2
1049,186
1050,186
1051,186
1052,186
1053,186
1054,186
1055,186
1059,34
1060,177
1072,186
1073,186
1074,32
1075,32
1085,2
1087,32
1090,32
1091,2
1092,2
1093,2
1095,46
1096,46
1097,186
1098,186
1099,186
1100,186
1101,186
1102,186
1103,186
1104,186
1105,186
1106,186
1107,186
1108,186
1109,186
1110,186
1111,186
1112,186
1113,186
1114,186
1115,186
1116,186
1117,32
1119,32
1120,32
1121,2
1122,2
1123,2
1125,34
1128,25
1129,32
1130,2
1132,32
1133,40
1134,46
1137,46
1138,34
1139,32
1140,186
1141,186
1142,34
1143,34
1144,8
1145,34
1146,32
1149,34
1150,186
1151,186
1152,40
1154,186
1155,186
1156,186
1163,34
1165,34
1166,34
1168,40
1171,186
1180,186
1229,8
1279,46
1374,34
1413,32
1425,46
1493,186
1499,186
1501,186
1502,186
1503,40
1504,32
1511,186
1512,27
1514,8
1515,8
1529,186
1531,8
1537,32
1539,34
1540,177
1541,40
1542,186
1543,186
1544,186
1545,186
1546,27
1547,186
1548,186
1549,177
1550,25
1551,177
1552,186
1553,177
1554,186
1555,186
1556,186
1558,32
1560,32
1562,32
1564,40
1565,177
1567,177
1568,177
1569,27
1570,177
1571,32
1572,177
1573,32
1574,40
1576,177
1577,40
1578,27
1579,40
1580,34
1583,186
1584,186
1585,186
1586,186
1587,34
1588,34
1589,40
1590,34
1591,27
1592,34
1593,177
1594,177
1595,27
1596,177
1597,177
1598,177
1599,177
1600,177
1601,186
1602,186
1603,186
1604,177
1605,177
1606,177
1607,177
1608,186
1609,186
1611,186
1612,186
1613,34
1619,186
1620,177
1621,27
1622,177
1623,27
1625,27
1626,177
1627,177
1628,177
1630,177
1631,177
1632,177
1633,177
1635,186
1638,186
1692,32
1800,1
1836,32
1837,32
1838,32
1860,2
1869,32
1894,46
1908,25
1911,27
1912,27
1913,27
1914,27
1915,27
1916,27
1917,27
1918,27
1919,27
1920,27
1921,27
1922,27
1923,27
1930,27
1941,177
1942,32
1944,32
1945,32
1949,32
1952,34
1978,32
1979,32
1980,32
1981,32
1982,32
1983,32
1988,25
1989,25
2003,34
2013,1
2038,2
2039,2
2042,2
2043,2
2050,27
2051,27
2059,25
2084,2
2086,25
2087,25
2098,14
2101,177
2109,14
2110,186
2111,186
2112,186
2113,177
2114,186
2115,186
2116,186
2117,186
2120,12
2121,32
2122,40
2123,40
2124,14
2127,32
2128,40
2129,186
2130,186
2131,186
2132,186
2133,186
2134,186
2137,32
2139,32
2140,177
2141,32
2142,177
2143,177
2145,177
2146,177
2147,40
2148,177
2149,177
2150,177
2151,40
2152,177
2153,46
2154,46
2156,32
2157,40
2158,32
2159,32
2160,40
2161,32
2162,40
2164,40
2165,40
2166,186
2167,186
2168,186
2169,177
2170,177
2172,2
2173,46
2174,46
2175,46
2176,46
2177,46
2178,46
2179,46
2180,177
2182,32
2183,46
2184,46
2185,46
2186,177
2187,46
2189,32
2195,177
2196,46
2197,46
2198,46
2200,46
2201,46
2202,46
2203,186
2204,186
2205,186
2207,12
2209,46
2213,46
2214,186
2215,46
2216,1
2219,12
2220,46
2223,46
2224,46
2225,46
2226,32
2227,40
2229,32
2231,32
2233,40
2235,46
2236,32
2237,46
2238,40
2239,40
2240,2
2241,40
2242,177
2243,177
2244,177
2254,46
2255,27
2258,8
2259,25
2299,177
2311,2
2312,2
2314,46
2322,46
2323,32
2362,186
2366,186
2397,2
2409,25
2414,32
2417,177
2418,32
2425,177
2438,34
2445,32
2451,32
2452,32
2461,40
2463,40
2464,40
2483,177
2491,1
2496,32
2503,32
2522,32
2525,40
2526,40
2567,25
2570,10
2580,27
2613,177
2624,34
2628,25
2645,14
2646,14
2647,14
2650,177
2664,186
2666,186
2667,186
2675,177
2676,34
2678,40
2689,186
2690,186
2692,177
2694,27
2695,27
2696,27
2697,27
2698,186
2699,186
2700,186
2701,186
2702,32
2704,186
2705,186
2707,27
2708,186
2709,186
2710,186
2711,186
2712,186
2713,186
2714,25
2715,186
2717,186
2718,14
2719,14
2720,14
2728,177
2730,14
2732,34
2733,14
2734,14
2737,14
2738,177
2740,27
2741,27
2749,186
2750,186
2751,186
2752,32
2754,14
2755,2
2756,32
2757,32
2758,27
2760,40
2761,40
2764,32
2767,25
2769,32
2771,32
2772,27
2773,186
2774,186
2775,186
2780,32
2784,177
2786,32
2787,32
2788,32
2789,32
2790,40
2791,32
2792,32
2793,32
2795,40
2796,27
2797,2
2875,7
2876,40
2877,40
2883,40
2884,40
2886,2
2887,32
2889,32
2890,34
2892,32
2893,7
2900,32
2901,177
2902,25
2913,40
2914,40
2920,25
3106,8
3200,34
3237,27
3263,34
3282,8
3302,5
3327,46
3336,8
3346,25
3348,27
3354,8
3355,8
3356,2
3360,27
3362,177
3374,25
3378,25
3387,8
3389,40
3390,7
3394,5
3395,5
3396,5
3397,5
3401,177
3402,27
3404,27
3406,177
3407,177
3408,7
3409,8
3410,34
3411,2
3412,40
3413,25
3414,46
3415,5
3417,2
3418,8
3420,2
3422,25
3423,25
3424,25
3425,25
3426,25
3427,25
3428,177
3431,25
3434,7
3435,186
3436,7
3437,7
3438,7
3439,7
3440,7
3441,34
3442,7
3443,7
3444,7
3445,7
3447,7
3448,7
3449,7
3450,5
3451,5
3452,5
3453,8
3454,40
3456,25
3457,7
3458,7
3459,25
3460,7
3461,7
3462,27
3464,7
3465,1
3466,1
3468,1
3470,2
3471,25
3473,7
3474,25
3475,27
3476,7
3477,27
3478,46
3479,1
3480,1
3485,7
3487,2
3488,2
3489,2
3491,2
3492,2
3494,177
3495,1
3496,177
3498,177
3499,8
3501,177
3607,7
3615,8
3727,40
3812,8
3813,8
3858,8
3879,34
3901,1
3916,8
3940,1
3948,2
3997,186
3999,186
4004,7
4010,7
4011,7
4014,7
4016,7
4017,7
4018,7
4019,7
4020,2
4021,177
4022,2
4023,7
4024,7
4025,7
4026,7
4027,27
4028,27
4029,177
4030,7
4031,7
4032,7
4033,7
4034,7
4035,7
4037,8
4038,7
4039,7
4040,7
4041,7
4042,8
4043,8
4044,1
4045,7
4048,7
4049,7
4050,7
4051,7
4052,177
4053,177
4055,7
4056,7
4057,2
4058,177
4061,177
4064,2
4066,7
4069,27
4070,1
4071,2
4072,2
4073,1
4074,1
4077,46
4078,46
4079,46
4091,7
4092,7
4093,7
4094,7
4095,7
4096,7
4097,7
4098,7
4099,7
4100,7
4101,7
4102,7
4103,1
4104,2
4107,177
4108,177
4109,177
4110,177
4111,7
4112,7
4113,7
4114,7
4115,7
4116,7
4117,7
4118,7
4119,7
4120,7
4121,7
4122,7
4123,7
4124,2
4126,40
4145,27
4150,27
4196,27
4232,177
4239,27
4276,1
4336,2
4386,40
4396,46
4537,1
4538,1
4547,27
4550,46
4582,27
4598,177
4599,7
4612,7
4618,2
4622,7
4628,7
4632,7
4653,27
4655,2
4656,2
4674,40
4676,177
4677,177
4679,7
4684,27
4686,32
4687,7
4689,177
4690,177
4692,7
4693,32
4694,34
4695,7
4696,7
4697,7
4698,7
4700,27
4702,7
4703,177
4704,186
4705,34
4711,177
4712,177
4713,177
4714,186
4715,186
4716,186
4719,34
4720,2
4721,14
4723,27
4724,27
4725,46
4733,177
4734,177
4735,177
4736,7
4737,7
4739,7
4740,7
4741,7
4744,34
4745,2
4747,7
4749,7
4752,177
4753,177
4754,46
4755,7
4756,34
4757,34
4759,7
4761,46
4763,7
4765,7
4766,2
4770,7
4772,177
4773,177
4774,177
4775,14
4776,177
4777,177
4778,177
4781,177
4782,177
4783,177
4787,177
4788,177
4789,177
4791,2
4794,177
4795,177
4796,177
4797,177
4798,177
4799,7
4803,177
4804,177
4813,40
4814,40
4815,2
4817,7
4818,7
4869,40
4878,1
4909,7
4941,46
4942,46
4998,46
5028,2
5046,2
5050,32
5119,28
5122,7
5123,7
5124,7
5125,7
5194,7
5217,7
5254,189
5318,28
5319,28
5321,28
5333,28
5335,28
5336,7
5339,5
5348,193
5349,7
5356,46
5360,7
5361,7
5365,5
5366,193
5367,193
5370,3
5372,32
5375,41
5381,186
5382,186
5383,41
5387,7
5388,7
5389,41
5390,41
5392,7
5393,7
5396,7
5397,7
5398,32
5399,7
5400,7
5401,7
5407,189
5411,3
5416,40
5421,7
5468,1
5476,3
5477,3
5483,7
5484,7
5485,193
5486,193
5487,193
5490,193
5496,7
5498,7
5514,6
5515,6
5517,28
5519,6
5522,41
5544,1
5638,2
5658,8
5788,1
5875,35
5984,2
6029,194
6084,195
6085,195
6087,195
6111,32
6128,50
6136,7
6139,7
6141,7
6142,7
6144,32
6145,32
6148,41
6149,41
6150,41
6176,7
6189,195
6207,51
6209,7
6210,7
6213,195
6214,195
6223,195
6224,3
6225,4
6226,195
6227,195
6229,195
6232,3
6234,2
6236,2
6240,7
6242,2
6243,2
6244,2
6245,2
6248,7
6249,7
6250,5
6252,196
6255,196
6256,196
6258,4
6259,196
6261,4
6262,7
6263,4
6266,56
6267,56
6268,56
6269,56
6270,56
6271,56
6272,56
6275,196
6276,196
6277,196
6278,196
6279,196
6280,196
6281,196
6282,196
6284,7
6289,4
6293,1
6296,198
6297,5
6298,5
6299,6
6303,5
6305,7
6306,8
6308,196
6309,4
6378,1
6381,1
6495,4
6509,7
6592,46
6606,46
6646,4
6667,6
6693,1
6739,1
6757,1
6786,6
6859,1
6913,2
6934,12
6935,8
6936,8
6937,8
6938,8
6941,6
6953,198
6957,11
6959,5
6963,3
6964,7
6965,1
6971,2
6976,3
6978,51
6979,198
6989,2
6993,2
6996,7
7006,2
7009,15
7014,12
7015,8
7017,7
7021,1
7022,1
7023,4
7025,12
7028,1
7032,1
7034,13
7035,2
7037,1
7039,63
7070,1
7077,1
7078,3
7079,3
7097,4
7098,5
7106,3
7107,2
7207,2
7226,2
7254,8
7382,2
7480,5
7481,5
7524,5
7525,5
7543,5
7584,8
7585,2
7610,1
7620,1
7630,3
7632,7
7633,1
7634,1
7635,1
7637,8
7639,3
7640,3
7641,3
7643,1
7644,2
7646,1
7649,7
7650,7
7652,7
7653,20
7654,20
7656,1
7658,20
7659,65
7662,8
7677,3
7681,201
7682,2
7683,20
7684,20
7685,20
7686,20
7689,20
7690,7
7692,8
7694,1
7702,6
7705,21
7706,1
7708,21
7709,200
7711,1
7712,4
7713,1
7714,1
7715,1
7717,1
7718,1
7724,21
7726,1
7727,1
7729,1
7730,1
7734,1
7790,67
7845,2
7865,1
7885,1
7905,1
7914,4
7921,1
7922,1
7923,1
7924,1
7949,1
7960,1
7974,1
8008,1
8009,4
8010,4
8011,4
8016,1
8024,4
8025,1
8027,1
8028,4
8029,4
8034,4
8041,4
8050,4
8051,1
8053,1
8071,68
8072,68
8075,8
8085,2
8094,4
8105,5
8110,5
8191,10
8194,10
8212,22
8217,22
8243,5
8255,200
8256,200
8257,2
8259,10
8261,10
8266,5
8269,4
8280,5
8281,5
8282,5
8284,5
8285,5
8286,5
8296,2
8298,5
8301,5
8302,5
8303,1
8305,7
8309,5
8313,5
8317,3
8318,5
8320,1
8324,10
8329,2
8330,1
8335,4
8338,11
8340,11
8341,2
8342,2
8343,1
8347,1
8351,5
8352,207
8353,1
8355,1
8361,4
8362,1
8363,1
8369,1
8370,1
8372,55
8374,5
8375,5
8376,7
8377,1
8379,3
8380,7
8381,1
8382,1
8385,3
8386,11
8390,1
8392,3
8399,26
8400,4
8404,1
8407,1
8408,1
8411,3
8418,3
8419,1
8421,11
8422,2
8423,11
8427,7
8428,1
8431,2
8435,2
8438,11
8442,11
8446,1
8450,1
8455,1
8475,1
8479,1
8503,1
8514,11
8550,6
8551,6
8553,2
8555,2
8557,4
8576,1
8577,1
8579,1
8580,1
8581,1
8582,1
8614,11
8617,27
8645,2
8656,1
8657,1
8658,1
8660,1
8661,1
8666,1
8667,1
8706,69
8710,11
8726,11
8731,210
8734,8
8735,8
8742,210
8743,210
8775,1
8782,12
8791,4
8800,4
8839,6
8878,69
8923,210
8925,210
8946,7
8988,11
8990,11
8991,14
9000,11
9002,9
9004,1
9011,5
9012,8
9013,2
9016,210
9019,3
9024,1
9026,2
9027,12
9028,12
9029,2
9034,2
9035,2
9036,9
9037,4
9041,12
9042,2
9043,12
9044,12
9051,2
9052,2
9073,12
9078,9
9079,1
9080,1
9081,1
9086,1
9087,1
9119,1
9129,31
9130,6
9165,9
9169,9
9175,6
9214,28
9340,3
9345,6
9354,70
9355,70
9363,11
9367,12
9372,2
9373,12
9382,1
9427,4
9486,71
9523,2
9524,2
9540,9
9545,7
9571,7
9572,3
9582,31
9601,2
9606,10
9609,7
9610,7
9614,7
9619,2
9620,2
9627,7
9631,7
9632,205
9633,205
9634,205
9635,218
9637,16
9642,73
9647,16
9648,7
9649,7
9653,7
9655,5
9656,2
9657,7
9659,1
9661,16
9663,6
9664,7
9665,5
9666,7
9669,3
9670,3
9672,7
9674,7
9675,7
9677,1
9679,7
9681,31
9683,5
9686,8
9687,8
9694,16
9701,1
9702,1
9708,9
9713,1
9714,8
9715,2
9721,2
9729,5
9734,8
9739,8
9742,8
9744,2
9778,6
9808,7
9948,6
10146,17
10147,17
10235,2
10249,2
10313,9
10318,1
10328,74
10336,11
10337,2
10346,9
10347,219
10348,219
10349,219
10350,219
10351,219
10352,219
10353,14
10354,14
10355,14
10358,219
10359,74
10361,219
10362,219
10363,219
10371,1
10376,74
10377,2
10381,43
10388,8
10392,10
10400,1
10403,11
10404,2
10410,19
10411,19
10417,74
10424,6
10425,3
10427,221
10428,221
10429,221
10436,1
10452,8
10453,8
10455,8
10456,1
10457,8
10458,2
10459,8
10460,2
10462,8
10464,8
10465,8
10468,3
10469,17
10474,3
10475,1
10488,10
10489,2
10492,2
10505,2
10506,2
10510,1
10511,1
10514,1
10534,6
10539,222
10542,5
10551,223
10552,223
10553,223
10554,223
10555,223
10556,223
10560,3
10809,223
10829,6
10902,6
10942,10
10988,17
10989,17
11012,6
11016,17
11061,6
11096,223
11142,19
11184,2
11188,56
11206,2
11208,7
11209,21
11213,11
11216,7
11225,224
11255,75
11257,75
11264,15
11265,56
11273,207
11282,23
11283,23
11284,23
11289,1
11290,7
11291,1
11293,1
11295,2
11296,2
11302,2
11304,8
11307,208
11311,2
11315,1
11317,19
11324,225
11325,225
11327,75
11328,75
11329,8
11334,9
11335,15
11338,1
11339,1
11340,1
11342,3
11343,11
11344,16
11352,19
11353,19
11354,18
11372,2
11377,5
11378,5
11380,5
11381,1
11382,15
11392,5
11399,228
11400,228
11401,228
11402,228
11403,228
11405,5
11410,5
11411,77
11412,77
11415,230
11416,230
11417,230
11422,10
11445,5
11617,1
11626,78
11628,26
11663,6
11686,2
11703,6
11721,35
11731,78
11732,78
11733,28
11742,2
11748,230
11784,209
11795,7
11834,7
11835,7
11836,1
11851,18
11862,18
11871,7
11884,6
11891,231
11892,8
11912,2
11925,78
11941,5
11944,37
11946,28
11953,209
11958,37
11959,37
11960,37
11961,37
11962,209
11966,1
11970,2
11975,2
11979,3
11981,5
11982,2
11983,20
11985,20
11989,20
11990,17
11992,3
11994,1
11995,1
11997,28
11999,13
12001,78
12002,37
12003,1
12005,1
12006,20
12007,2
12017,37
12018,37
12019,37
12020,1
12022,20
12023,1
12025,8
12026,20
12031,12
12035,8
12036,20
12038,8
12039,231
12041,2
12042,12
12043,3
12045,78
12059,1
12062,20
12074,19
12075,209
12076,209
12082,8
12083,2
12088,38
12097,20
12098,3
12143,12
12172,2
12213,12
12227,78
12251,38
12258,12
12264,12
12274,79
12285,39
12292,39
12293,231
12412,20
12416,20
12417,20
12425,1
12426,1
12427,1
12428,1
12429,1
12430,1
12431,1
12432,1
12433,1
12434,1
12437,1
12442,5
12453,4
12473,2
12477,2
12516,20
12554,2
12556,34
12558,1
12580,210
12584,41
12594,12
12606,12
12628,17
12646,6
12647,6
12648,37
12649,37
12651,1
12652,1
12656,231
12658,37
12662,79
12663,38
12664,231
12665,17
12666,17
12667,6
12669,43
12671,10
12672,79
12675,10
12679,10
12683,45
12685,6
12686,12
12689,1
12690,1
12693,6
12695,6
12696,10
12698,12
12699,10
12701,63
12702,10
12704,2
12705,2
12709,10
12710,10
12711,1
12714,45
12715,1
12716,1
12717,13
12719,1
12725,10
12727,14
12734,45
12737,45
12738,45
12739,45
12740,45
12741,79
12742,45
12743,232
12750,25
12754,45
12756,1
12757,1
12760,12
12761,10
12764,10
12767,10
12768,10
12771,20
12827,1
12829,1
12842,13
12851,3
12873,1
12904,79
12931,2
12949,1
12954,20
12956,20
12988,2
13056,1
13064,20
13296,1
13348,3
13363,14
13364,14
13365,14
13375,1
13405,1
13441,12
13442,14
13443,26
13448,21
13449,2
13450,2
13451,2
13452,2
13454,14
13458,12
13460,14
13461,49
13486,20
13487,20
13489,10
13490,1
13493,5
13494,27
13497,20
13508,8
13512,10
13513,3
13516,3
13517,19
13521,23
13522,2
13528,2
13529,232
13530,232
13532,232
13541,8
13543,7
13544,3
13545,28
13546,8
13548,2
13549,1
13550,3
13551,232
13552,232
13553,232
13554,15
13556,12
13557,12
13558,12
13559,2
13560,14
13561,10
13562,11
13563,11
13564,49
13565,232
13566,232
13567,232
13568,14
13569,3
13570,3
13575,22
13582,2
13583,4
13584,46
13589,46
13590,46
13591,46
13592,46
13596,14
13597,4
13598,46
13601,23
13603,3
13604,46
13606,3
13679,23
13789,1
13849,31
13926,14
13951,9
13966,12
14008,8
14014,11
14026,23
14027,23
14028,23
14029,23
14034,1
14054,4
14056,3
14059,2
14084,55
14088,15
14089,55
14109,1
14114,2
14116,1
14132,32
14134,1
14137,46
14141,1
14169,2
14170,2
14172,2
14173,2
14181,24
14185,46
14189,2
14199,2
14202,2
14203,1
14204,2
14208,8
14209,46
14212,4
14215,4
14218,4
14219,2
14224,3
14225,3
14228,24
14231,12
14233,4
14234,2
14235,2
14237,67
14239,12
14242,67
14250,3
14252,3
14253,3
14254,3
14263,2
14265,2
14266,2
14271,2
14272,2
14275,2
14276,2
14277,16
14278,14
14279,12
14280,16
14283,46
14284,46
14285,46
14286,46
14287,46
14288,46
14289,46
14290,46
14291,46
14292,14
14300,1
14303,1
14305,1
14306,1
14307,1
14308,2
14309,2
14317,2
14318,2
14324,46
14333,1
14338,5
14342,1
14521,16
14522,14
14537,20
14554,1
14561,27
14579,14
14589,27
14607,7
14625,27
14630,71
14653,27
14666,20
14678,3
14712,3
14714,27
14743,3
14761,14
14774,27
14778,27
14802,27
14846,8
14848,8
14873,72
14876,5
14879,27
14887,28
14890,1
14892,7
14895,2
14896,3
14897,72
14905,3
14912,2
14913,2
14914,2
14915,28
14917,28
14924,3
14925,13
14928,8
14930,8
14932,1
14936,1
14937,4
14939,8
14943,4
14944,4
14946,72
14947,72
14950,3
14951,72
14955,28
14956,28
14957,28
14961,28
14962,4
14963,4
14964,4
14965,4
14969,4
14970,8
14971,29
14973,1
14974,1
14975,1
14976,57
14977,4
14978,72
14979,32
14980,25
14981,4
14982,4
14983,15
14984,72
14985,4
14986,4
14988,1
14989,30
14996,10
14999,10
15004,13
15006,32
15009,10
15010,8
15011,1
15012,8
15013,33
15015,16
15016,16
15025,1
15165,30
15229,6
15263,7
15286,20
15307,20
15364,20
15366,1
15377,2
15382,20
15390,80
15391,80
15393,80
15394,80
15395,80
15396,80
15397,80
15449,20
15480,5
15486,1
15488,41
15490,13
15518,6
15526,30
15552,16
15576,235
15577,235
15578,235
15579,235
15580,235
15581,235
15582,235
15594,12
15596,12
15597,30
15611,33
15628,24
15629,24
15630,24
15631,24
15632,24
15633,24
15634,24
15635,24
15658,34
15666,11
15682,46
15688,15
15692,31
15698,2
15700,46
15703,235
15704,235
15705,235
15706,235
15707,235
15708,235
15709,235
15711,20
15712,20
15713,46
15714,16
15715,1
15718,14
15719,46
15721,235
15722,235
15723,235
15724,235
15725,235
15726,235
15727,235
15728,235
15730,235
15731,235
15732,235
15733,235
15734,235
15735,235
15736,235
15737,235
15739,15
15740,19
15741,14
15742,2
15743,16
15749,20
15750,20
15753,2
15754,46
15756,20
15757,20
15758,1
15759,2
15766,2
15767,1
15769,34
15771,1
15773,9
15775,34
15780,15
15781,11
15782,34
15785,15
15787,9
15788,22
15790,235
15799,235
15804,35
15851,35
15869,24
15870,24
15871,24
15917,24
16082,47
16114,47
16144,78
16145,78
16179,235
16198,24
16199,24
16200,24
16202,9
16206,10
16211,235
16213,235
16217,235
16234,5
16243,10
16249,20
16265,4
16270,235
16276,5
16291,12
16292,78
16302,24
16303,235
16307,10
16325,2
16328,10
16342,10
16343,25
16345,7
16357,5
16364,5
16382,8
16383,8
16384,8
16385,8
16386,8
16391,3
16393,78
16394,78
16396,21
16397,26
16399,78
16403,1
16404,10
16405,10
16406,10
16407,59
16410,10
16414,2
16415,2
16418,2
16420,38
16422,32
16428,10
16429,10
16448,35
16450,20
16454,1
16457,235
16458,235
16464,1
16465,16
16470,35
16471,16
16473,16
16474,16
16475,10
16476,10
16480,10
16481,16
16483,235
16484,10
16485,235
16487,3
16490,24
16491,24
16493,1
16496,235
16497,235
16499,2
16503,235
16506,235
16508,2
16510,1
16511,5
16524,3
16538,20
16547,5
16555,15
16556,12
16564,36
16570,235
16575,11
16591,3
16592,3
16593,3
16594,3
16595,3
16596,3
16597,3
16598,3
16599,3
16600,3
16601,3
16604,1
16605,1
16606,1
16607,1
16608,1
16609,1
16610,1
16611,1
16612,47
16614,59
16616,9
16622,11
16635,36
16636,36
16637,8
16663,47
16665,47
16666,47
16668,32
16718,36
16749,1
16779,13
16801,14
16822,10
16842,22
16847,5
16867,5
16883,235
16890,14
16969,1
16987,38
16992,9
16993,59
17014,59
17024,39
17025,39
17046,8
17057,59
17058,59
17060,59
17061,59
17062,59
17063,59
17066,10
17077,10
17081,10
17082,9
17083,60
17084,60
17085,60
17094,5
17095,39
17100,12
17101,10
17116,39
17117,60
17118,60
17119,37
17120,4
17121,4
17123,60
17124,4
17127,60
17131,31
17133,31
17136,79
17137,79
17139,60
17140,60
17141,60
17142,60
17147,6
17159,1
17161,1
17164,7
17165,8
17166,2
17170,8
17171,38
17172,8
17173,8
17174,4
17178,31
17180,4
17181,1
17182,40
17185,11
17202,17
17204,2
17207,2
17212,1
17220,31
17315,13
17325,13
17329,21
17465,22
17504,13
17537,13
17549,80
17591,9
17674,26
17676,13
17679,9
17680,16
17686,17
17691,4
17694,1
17695,17
17696,2
17698,2
17699,13
17703,21
17704,21
17705,236
17715,21
17716,3
17717,3
17718,3
17719,236
17723,9
17725,12
17727,9
17730,41
17731,3
17734,12
17736,41
17737,12
17742,11
17745,48
17747,1
17748,13
17749,1
17752,12
17755,45
17766,1
17768,41
17771,46
17773,66
17779,1
17780,46
17782,1
17783,26
17784,3
17785,3
17786,3
17787,3
17790,3
17796,1
17797,1
17798,1
17799,21
17800,1
17801,21
17813,1
17814,8
17824,1
17825,1
17978,81
18022,9
18159,3
18192,15
18209,237
18242,3
18264,66
18271,49
18281,13
18306,12
18312,50
18313,13
18314,50
18317,12
18318,21
18321,12
18332,6
18338,17
18342,1
18344,238
18352,18
18354,4
18357,238
18360,238
18361,238
18368,21
18370,21
18372,17
18374,17
18377,17
18380,8
18384,51
18386,50
18389,9
18390,1
18391,9
18393,4
18395,4
18396,4
18397,26
18399,15
18400,10
18404,1
18405,1
18406,1
18407,1
18408,1
18409,14
18410,1
18414,67
18415,14
18416,21
18417,14
18418,17
18420,17
18422,2
18423,2
18425,17
18426,9
18428,51
18439,51
18440,33
18442,1
18443,1
18445,21
18446,15
18447,1
18448,1
18450,17
18455,3
18459,16
18462,15
18464,84
18467,1
18469,16
18470,12
18475,21
18476,21
18483,15
18589,23
18616,19
18630,23
18679,22
18693,16
18724,22
18779,22
18780,22
18794,16
18826,2
18842,16
18908,23
18909,23
18948,1
18961,10
18967,20
18969,4
18971,2
18973,1
18975,54
18980,44
18994,1
18998,37
19008,16
19012,1
19013,1
19017,6
19018,1
19020,241
19021,241
19025,7
19027,7
19042,17
19053,44
19055,11
19056,21
19065,12
19068,12
19073,2
19078,66
19084,1
19089,1
19091,96
19098,9
19099,56
19101,2
19102,73
19103,73
19104,73
19106,2
19107,73
19108,73
19109,73
19111,58
19113,1
19114,1
19115,73
19120,1
19122,6
19123,1
19125,6
19129,6
19131,23
19133,23
19134,3
19135,21
19138,23
19140,1
19151,16
19155,97
19170,12
19176,23
19184,23
19228,12
19243,10
19273,1
19277,1
19332,28
19396,15
19430,247
19463,16
19534,6
19546,24
19547,24
19548,24
19549,24
19557,12
19596,1
19601,33
19612,1
19613,1
19619,12
19631,247
19645,3
19664,33
19667,16
19670,64
19674,12
19676,27
19680,15
19681,12
19692,1
19702,17
19712,2
19713,2
19718,2
19720,1
19721,1
19726,3
19728,102
19730,38
19732,15
19733,1
19736,17
19737,1
19738,33
19740,248
19745,58
19747,58
19748,58
19749,58
19750,58
19755,11
19758,1
19762,248
19763,2
19794,248
19795,2
19797,2
19798,2
19808,3
19810,2
19812,16
19813,1
19815,1
19822,15
19827,2
19828,13
19829,2
19830,2
19831,16
19832,2
19835,16
19836,2
19839,81
19842,16
19843,16
19846,1
19847,2
19848,17
19849,17
19850,10
19853,17
19854,17
19855,17
19861,2
19862,1
19864,24
19865,10
19866,51
19874,40
19875,1
19879,4
19884,105
19893,2
19923,17
19952,1
19965,3
20005,15
20047,6
20059,10
20075,1
20084,51
20086,1
20092,24
20115,16
20122,17
20126,1
20132,13
20139,10
20174,82
20177,12
20244,5
20288,2
20289,2
20295,2
20315,1
20351,3
20356,31
20357,31
20358,31
20361,2
20366,17
20372,2
20392,248
20393,248
20399,1
20401,1
20468,17
20469,6
20475,13
20476,4
20480,6
20482,6
20483,17
20487,61
20490,17
20492,1
20493,17
20494,4
20496,17
20497,6
20502,1
20503,2
20504,1
20509,17
20510,17
20520,23
20522,16
20523,34
20524,1
20525,52
20527,2
20530,31
20531,17
20532,17
20533,17
20534,17
20535,17
20536,1
20549,17
20552,17
20553,17
20554,17
20560,2
20561,6
20563,2
20564,17
20565,3
20566,17
20569,17
20573,17
20574,17
20578,2
20580,6
20583,11
20584,6
20585,34
20592,71
20593,6
20594,6
20596,2
20598,6
20600,17
20603,2
20605,2
20655,48
20674,1
20687,53
20732,16
20782,1
20791,16
20805,11
20806,11
20809,11
20815,11
20839,16
20843,1
20863,11
20875,11
20882,11
20885,11
20895,1
20911,107
20954,2
20968,13
20984,107
20999,11
21000,23
21003,13
21005,23
21013,11
21018,107
21019,107
21030,2
21032,2
21038,35
21066,16
21068,32
21069,107
21072,107
21074,107
21079,16
21092,1
21093,1
21106,5
21109,5
21138,54
21158,11
21162,11
21163,11
21165,11
21166,40
21167,32
21168,32
21169,32
21170,14
21171,14
21172,32
21173,4
21184,2
21185,2
21187,2
21188,3
21196,251
21197,1
21198,40
21200,1
21201,1
21202,1
21203,1
21204,1
21205,1
21206,1
21207,1
21214,18
21216,2
21221,1
21227,211
21229,2
21230,2
21231,2
21232,2
21238,2
21241,4
21243,2
21246,2
21248,1
21249,2
21254,2
21261,2
21285,2
21290,13
21408,14
21442,12
21586,2
21602,4
21635,15
21636,15
21637,15
21639,15
21640,15
21641,15
21651,110
21654,1
21662,12
21686,4
21688,15
21723,23
21727,2
21732,4
21758,4
21760,2
21762,6
21765,4
21774,2
21788,110
21789,110
21794,42
21795,42
21796,252
21800,12
21816,6
21825,2
21828,1
21830,54
21831,54
21832,54
21833,54
21834,54
21850,12
21863,17
21865,12
21869,4
21872,12
21875,4
21876,2
21877,63
21879,2
21884,12
21888,1
21889,1
21890,79
21895,4
21897,25
21900,17
21905,1
21912,4
21913,4
21915,24
21916,3
21917,3
21918,1
21922,12
21925,12
21929,63
21930,17
21934,17
21940,2
21943,3
21945,17
21946,24
21960,1
21974,1
22041,24
22107,2
22114,43
22118,1
22122,54
22155,2
22168,6
22174,1
22175,1
22184,16
22185,16
22189,110
22190,110
22191,110
22312,3
22336,1
22384,15
22392,1
22397,1
22412,1
22413,43
22414,43
22417,1
22418,43
22433,2
22435,1
22438,1
22439,1
22440,1
22443,1
22450,1
22456,2
22460,16
22461,2
22462,2
22464,1
22465,54
22477,43
22480,17
22481,41
22482,41
22483,41
22484,41
22485,41
22490,2
22496,17
22502,17
22504,1
22505,13
22507,1
22512,2
22513,41
22514,41
22515,41
22516,41
22517,41
22518,5
22519,41
22520,1
22523,1
22526,1
22534,26
22537,6
22542,24
22546,17
22551,17
22553,4
22557,1
22560,17
22564,69
22566,17
22570,1
22572,13
22573,1
22579,4
22585,1
22586,26
22596,1
22604,1
22605,12
22606,4
22609,12
22612,17
22615,5
22616,2
22624,3
22626,1
22659,43
22665,12
22673,4
22680,1
22697,110
22699,1
22701,1
22757,43
22769,7
22826,2
22833,2
22878,24
22955,80
22959,110
22967,1
22990,4
23002,2
23004,6
23005,2
23019,24
23030,7
23055,5
23058,12
23070,110
23086,261
23089,67
23097,2
23101,2
23102,12
23103,12
23104,12
23105,7
23106,12
23110,2
23114,12
23115,7
23116,69
23117,12
23120,2
23121,69
23122,69
23125,2
23126,1
23132,69
23134,70
23139,7
23148,43
23150,43
23151,24
23152,2
23164,2
23169,2
23170,2
23171,4
23172,12
23174,2
23178,70
23179,2
23180,12
23181,12
23184,2
23185,12
23186,12
23187,7
23214,25
23218,261
23221,41
23243,2
23267,2
23272,15
23328,1
23340,15
23392,1
23416,6
23426,23
23438,93
23439,93
23443,261
23469,43
23481,4
23514,15
23529,2
23564,41
23567,4
23591,24
23593,24
23609,2
23660,2
23670,59
23687,4
23699,4
23701,7
23719,60
23736,60
23740,41
23746,1
23781,3
23783,7
23785,18
23789,3
23791,2
23804,7
23805,7
23813,49
23824,4
23827,261
23829,261
23832,5
23836,261
23838,2
23839,261
23840,261
23841,2
23842,43
23844,261
23847,261
23848,2
23850,43
23854,17
23859,261
23861,80
23862,80
23863,80
23865,1
23866,1
23867,50
23868,1
23871,93
23872,3
23877,7
23882,2
23890,4
23898,25
23899,18
23900,18
23902,18
23903,18
23904,5
23909,5
23912,18
23916,29
23917,17
23919,17
23920,17
23921,4
23923,4
23925,71
23927,6
23931,31
23938,6
23939,23
23945,16
23949,14
23950,14
23951,14
23958,14
23960,3
23961,1
23962,1
23963,1
23964,2
23969,12
23971,6
23978,1
23981,18
23984,18
23985,3
23990,2
23996,14
24055,4
24060,18
24082,5
24106,2
24125,115
24135,14
24136,14
24137,14
24147,14
24167,93
24184,2
24204,4
24230,1
24262,4
24268,30
24287,2
24300,2
24331,13
24346,14
24371,4
24384,8
24385,8
24388,5
24392,1
24427,14
24428,1
24429,9
24430,9
24455,10
24459,47
24465,16
24466,4
24475,30
24477,27
24485,1
24505,6
24509,21
24516,17
24519,22
24520,10
24524,2
24526,4
24529,22
24530,17
24531,22
24532,22
24534,4
24540,8
24544,62
24548,3
24560,22
24561,22
24562,22
24563,22
24564,1
24566,22
24567,16
24568,1
24571,45
24572,45
24573,45
24574,6
24578,22
24582,3
24583,3
24584,30
24585,1
24586,22
24589,22
24591,26
24592,2
24595,3
24600,6
24602,17
24603,22
24604,17
24606,17
24607,17
24609,4
24610,4
24611,4
24618,94
24626,5
24632,17
24635,17
24649,3
24650,1
24652,1
24664,2
24805,6
24806,3
24883,30
24897,31
24902,8
24905,1
24916,2
24917,28
24983,31
24994,1
25003,28
25049,6
25060,262
25072,2
25082,25
25086,3
25092,119
25093,119
25106,32
25112,2
25116,33
25119,33
25140,18
25157,7
25184,6
25213,30
25214,6
25236,1
25237,119
25239,215
25241,6
25243,215
25266,6
25273,3
25276,1
25278,27
25283,7
25286,215
25288,27
25289,3
25293,215
25294,6
25299,7
25300,7
25302,27
25303,28
25307,215
25308,215
25310,215
25311,215
25313,215
25314,215
25318,2
25319,2
25320,8
25321,2
25327,1
25328,3
25331,1
25333,6
25336,49
25337,22
25338,22
25342,1
25360,22
25362,56
25369,6
25370,3
25372,22
25374,17
25382,1
25389,6
25399,23
25522,3
25560,1
25562,57
25575,2
25627,19
25628,19
25629,19
25645,4
25664,4
25672,4
25676,79
25697,49
25728,79
25733,1
25761,125
25767,1
25773,49
25794,38
25798,4
25799,1
25803,19
25824,1
25838,19
25845,3
25847,1
25849,48
25850,48
25851,48
25852,7
25854,64
25859,61
25860,61
25861,61
25864,80
25867,2
25869,2
25871,2
25872,82
25873,38
25874,82
25875,4
25880,1
25881,1
25883,2
25884,16
25897,30
25900,2
25901,2
25905,19
25917,33
25918,33
25920,264
25921,264
25940,24
25942,2
25945,4
25947,24
25951,6
25956,6
25962,2
25964,7
25969,2
25971,2
25976,7
25990,1
25991,17
25994,17
25996,264
25997,264
26002,264
26003,264
26004,264
26005,264
26034,1
26130,44
26178,2
26184,2
26291,7
26323,16
26350,81
26373,5
26378,7
26379,7
26407,20
26408,20
26413,1
26421,4
26432,2
26463,20
26476,140
26478,20
26480,32
26505,7
26531,34
26535,7
26536,7
26537,83
26575,1
26587,16
26588,16
26589,16
26609,2
26610,2
26611,2
26612,2
26617,2
26625,2
26626,2
26627,2
26628,2
26629,2
26630,2
26631,2
26632,2
26633,2
26634,2
26639,83
26643,2
26648,140
26654,2
26656,3
26666,2
26667,1
26669,2
26678,50
26680,2
26681,2
26682,2
26683,16
26691,2
26692,1
26694,1
26695,3
26702,4
26704,45
26708,7
26709,7
26710,3
26714,6
26716,6
26719,7
26729,34
26731,2
26735,34
26736,31
26741,86
26743,51
26746,2
26749,265
26753,3
26764,1
26769,1
26771,3
26773,4
26774,4
26910,6
27009,15
27052,16
27110,49
27139,16
27169,12
27170,12
27214,31
27220,63
27238,32
27249,265
27274,11
27307,140
27309,3
27310,66
27321,265
27323,3
27331,6
27333,6
27341,16
27342,7
27343,7
27344,7
27346,1
27347,1
27348,16
27349,16
27350,16
27351,16
27368,2
27375,16
27376,16
27377,1
27379,2
27380,88
27382,2
27389,17
27390,4
27392,7
27398,5
27400,33
27407,66
27408,66
27409,66
27410,5
27411,3
27417,5
27418,66
27419,16
27423,2
27424,89
27425,20
27426,7
27428,1
27431,2
27432,7
27434,7
27438,66
27441,6
27444,8
27446,2
27451,21
27461,1
27465,21
27466,21
27469,21
27470,2
27473,265
27474,265
27476,265
27484,2
27485,2
27493,265
27542,25
27566,36
27593,96
27594,96
27634,16
27643,11
27707,6
27740,63
27745,3
27751,3
27759,16
27761,23
27766,63
27773,38
27812,66
27824,1
27830,7
27862,15
27869,23
27885,36
27886,3
27938,48
27950,36
27968,1
27972,24
27973,24
27983,2
27985,34
27986,34
28004,265
28005,2
28014,21
28025,66
28033,96
28034,9
28035,5
28045,3
28046,36
28051,18
28052,22
28054,2
28057,24
28060,38
28061,38
28062,38
28063,38
28065,66
28067,35
28070,3
28075,35
28081,35
28082,3
28083,5
28085,265
28094,99
28106,100
28108,6
28109,6
28112,81
28113,81
28114,81
28126,23
28129,4
28131,24
28132,35
28137,4
28140,26
28141,101
28142,2
28146,4
28149,41
28151,1
28153,1
28155,36
28156,5
28157,96
28159,4
28164,5
28167,5
28169,21
28183,1
28195,96
28255,7
28257,7
28260,7
28281,64
28287,36
28310,3
28337,1
28361,1
28367,1
28374,6
28391,26
28411,266
28441,105
28460,7
28473,11
28583,7
28611,4
28617,5
28629,11
28650,2
28667,52
28674,2
28679,24
28686,24
28696,26
28710,26
28711,26
28719,64
28721,43
28722,43
28729,36
28738,15
28749,16
28757,1
28758,1
28762,32
28764,32
28767,32
28768,32
28769,32
28770,32
28771,32
28775,32
28780,32
28798,6
28821,2
28822,35
28823,4
28828,2
28832,75
28834,35
28848,1
28851,1
28852,268
28853,268
28858,24
28860,107
28861,1
28863,108
28865,18
28868,108
28869,109
28870,26
28872,15
28882,110
28883,26
28886,9
28889,15
28890,1
28894,1
28896,43
28900,3
28901,27
28902,114
28903,115
28905,28
28907,9
28909,9
28911,9
28912,9
28913,6
28914,1
28916,1
28918,18
28919,28
28920,2
28922,29
28923,30
28926,117
28929,38
28930,8
28931,8
28933,117
28934,1
28938,8
28939,4
28941,3
28945,3
28946,118
28947,6
28949,1
28950,1
28952,8
28959,3
28962,10
28971,119
28972,10
28976,268
28977,268
28978,268
28979,268
28980,1
28985,10
28986,1
28987,1
28991,32
29054,5
29065,10
29078,42
29080,42
29081,42
29090,36
29107,3
29135,26
29142,42
29160,12
29163,28
29182,13
29184,49
29200,1
29203,1
29300,49
29308,50
29309,51
29319,55
29345,60
29394,42
29423,32
29425,42
29436,1
29439,34
29457,3
29488,11
29498,19
29500,29
29501,29
29505,29
29535,10
29548,6
29552,1
29554,59
29557,120
29568,3
29569,59
29571,59
29573,64
29576,2
29577,18
29578,18
29605,10
29611,64
29614,9
29615,9
29616,9
29620,9
29621,9
29626,32
29627,5
29628,64
29629,5
29630,5
29638,275
29639,275
29643,275
29646,38
29654,9
29656,9
29658,13
29664,38
29665,38
29667,38
29668,38
29670,5
29672,9
29684,5
29687,5
29704,38
29710,5
29713,18
29714,24
29715,3
29875,46
29891,24
29933,4
29941,97
29953,38
29981,32
29988,9
30012,68
30021,9
30042,9
30051,9
30126,36
30149,68
30150,68
30151,68
30152,2
30153,68
30177,6
30195,9
30204,32
30214,9
30231,24
30233,1
30243,9
30262,2
30279,59
30281,67
30290,38
30292,32
30320,8
30321,1
30322,1
30326,74
30328,8
30331,6
30333,8
30368,4
30369,1
30387,3
30392,38
30395,19
30400,1
30401,3
30405,127
30409,1
30410,9
30411,9
30416,3
30417,1
30421,3
30422,3
30423,2
30426,3
30431,9
30432,3
30439,9
30440,59
30442,1
30443,24
30444,24
30448,3
30449,11
30450,26
30451,1
30453,3
30455,1
30456,1
30459,11
30460,32
30461,32
30471,26
30474,4
30483,3
30484,3
30489,3
30493,1
30502,2
30510,1
30512,1
30523,17
30524,17
30527,1
30529,2
30553,38
30626,39
30697,39
30717,1
30730,6
30739,69
30748,71
30781,24
30816,4
30821,42
30823,32
30832,3
30855,6
30871,6
30895,8
30906,47
30911,47
30912,47
30937,276
30953,6
30956,6
30966,10
30998,3
31004,79
31020,1
31021,1
31049,66
31054,3
31055,79
31058,129
31062,4
31063,4
31072,27
31073,27
31084,1
31086,1
31087,1
31090,6
31096,10
31098,1
31100,10
31101,1
31102,1
31104,1
31105,20
31107,1
31110,27
31114,11
31115,11
31118,4
31119,4
31120,16
31131,1
31132,1
31133,4
31138,4
31141,4
31142,4
31143,3
31144,4
31153,24
31155,9
31162,1
31170,1
31176,24
31177,4
31178,2
31179,1
31180,24
31184,1
31185,1
31192,4
31193,4
31195,4
31197,4
31202,4
31203,26
31208,25
31212,1
31213,1
31214,1
31215,1
31223,9
31224,1
31226,4
31233,11
31235,4
31236,4
31255,3
31273,7
31274,7
31328,5
31365,1
31372,6
31381,1
31410,42
31411,42
31412,42
31414,1
31469,42
31478,25
31479,25
31485,42
31501,4
31522,13
31527,37
31553,15
31559,3
31569,83
31597,42
31609,42
31661,3
31662,3
31667,83
31669,6
31690,3
31717,20
31730,42
31731,2
31732,8
31752,4
31761,15
31762,133
31769,10
31773,47
31775,185
31785,42
31809,1
31810,16
31820,23
31821,136
31822,1
31823,16
31824,3
31825,137
31826,137
31830,3
31831,1
31832,10
31834,25
31835,3
31837,3
31838,3
31841,25
31842,137
31844,1
31846,25
31848,42
31850,72
31860,6
31862,11
31864,16
31866,16
31868,25
31869,6
31872,16
31873,25
31877,25
31879,3
31880,2
31883,1
31884,1
31886,3
31887,9
31888,2
31891,2
31893,103
31895,2
31930,85
31959,3
31960,3
31975,85
31989,78
32004,42
32018,42
32100,27
32158,14
32170,16
32171,16
32200,16
32232,3
32322,7
32331,20
32334,1
32341,4
32343,4
32347,27
32360,19
32365,88
32372,3
32393,1
32400,2
32407,12
32409,5
32414,3
32427,27
32431,90
32433,91
32443,49
32460,19
32461,12
32462,12
32463,12
32471,41
32475,1
32482,3
32483,19
32488,1
32491,1
32496,76
32498,7
32499,7
32501,4
32506,4
32507,39
32510,49
32513,39
32514,145
32515,145
32529,5
32530,146
32531,27
32536,7
32538,43
32541,4
32544,49
32545,8
32546,49
32550,1
32554,5
32556,4
32557,4
32558,4
32562,92
32574,20
32576,218
32580,43
32587,20
32597,20
32613,7
32614,7
32615,2
32618,7
32623,3
32631,46
32650,5
32651,5
32681,46
32692,1
32697,46
32708,20
32721,29
32755,43
32763,20
32764,20
32769,46
32771,3
32772,3
32773,3
32796,43
32818,82
32833,5
32845,7
32878,93
32887,40
32888,43
32891,93
32910,7
32914,5
32927,20
32954,29
32957,16
32965,40
32971,20
32972,20
32989,5
32995,20
33010,3
33025,43
33026,43
33057,148
33072,20
33083,187
33090,20
33097,149
33104,1
33110,3
33133,52
33135,29
33137,29
33138,40
33141,29
33149,4
33153,187
33156,47
33178,20
33181,4
33182,4
33183,3
33184,151
33185,7
33186,22
33187,22
33194,3
33196,48
33197,1
33202,40
33203,3
33205,3
33206,3
33209,3
33210,29
33211,29
33212,29
33213,50
33215,29
33216,29
33217,50
33226,8
33227,7
33230,8
33231,8
33235,3
33236,1
33237,29
33241,3
33242,79
33250,23
33253,8
33254,40
33255,40
33260,5
33261,5
33262,1
33270,16
33272,3
33277,3
33278,16
33281,3
33282,40
33288,20
33290,23
33293,6
33294,10
33296,10
33298,3
33299,1
33300,30
33303,2
33304,3
33305,30
33307,23
33308,23
33310,6
33315,4
33391,7
33434,30
33476,93
33519,93
33524,29
33525,29
33615,10
33620,11
33623,29
33625,1
33681,5
33685,87
33691,5
33692,9
33700,5
33701,5
33715,30
33717,30
33727,41
33738,1
33754,1
33755,1
33761,7
33763,1
33788,1
33790,1
33792,32
33795,92
33796,9
33805,42
33808,3
33809,5
33829,4
33831,9
33832,5
33851,83
33854,280
33855,280
33862,3
33863,8
33865,8
33866,1
33870,155
33871,1
33872,7
33875,1
33885,5
33890,280
33891,280
33892,280
33893,48
33894,9
33896,43
33899,48
33906,75
33908,1
33909,5
33910,157
33911,280
33913,1
33914,1
33915,1
33920,1
33926,1
33927,1
33928,30
33929,5
33939,280
33941,1
33942,280
33944,10
33945,10
33948,31
33949,31
33951,31
33953,280
33957,6
33963,280
33965,280
33966,280
33967,280
33968,280
33987,1
34077,5
34169,43
34243,31
34262,48
34315,30
34318,30
34319,30
34327,30
34345,57
34346,57
34347,57
34348,57
34349,57
34350,57
34351,57
34420,43
34433,1
34471,189
34473,46
34474,75
34491,1
34492,7
34505,3
34516,3
34517,1
34519,1
34522,1
34523,1
34524,2
34527,35
34531,3
34533,16
34534,16
34535,16
34536,3
34537,1
34541,5
34542,2
34544,6
34545,6
34546,6
34547,49
34548,20
34551,2
34554,2
34555,2
34556,1
34558,1
34562,22
34564,1
34565,3
34566,3
34567,3
34568,3
34569,3
34570,3
34572,82
34573,14
34581,6
34582,6
34583,6
34584,6
34599,30
34602,3
34604,37
34605,43
34620,280
34643,1
34646,5
34783,4
34809,1
34846,4
34884,11
34969,83
34990,20
34995,2
34996,2
35005,2
35033,83
35050,5
35078,27
35079,219
35099,1
35100,1
35101,1
35102,1
35116,86
35121,1
35127,6
35133,1
35135,1
35138,6
35139,1
35140,1
35146,22
35147,16
35150,5
35153,1
35154,1
35155,3
35157,4
35159,4
35162,52
35163,40
35165,40
35166,40
35167,40
35170,2
35175,40
35179,6
35182,40
35194,52
35196,159
35208,1
35210,53
35212,6
35216,1
35224,1
35227,12
35228,40
35229,1
35241,12
35244,1
35245,1
35246,1
35250,1
35252,1
35257,4
35258,4
35259,4
35260,4
35261,4
35262,4
35335,40
35453,25
35469,40
35476,14
35477,14
35493,55
35579,1
35611,55
35622,3
35630,3
35645,1
35655,2
35660,6
35670,1
35703,40
35713,14
35725,1
35726,1
35727,1
35728,1
35745,55
35748,1
35767,3
35769,16
35780,2
35790,14
35791,14
35792,14
35815,14
35829,5
35837,64
35843,41
35844,41
35845,55
35848,55
35852,42
35856,64
35857,64
35861,1
35863,5
35870,2
35873,3
35874,42
35883,6
35890,6
35891,6
35893,4
35895,4
35897,23
35900,65
35901,6
35902,55
35903,65
35904,55
35906,1
35910,66
35911,66
35912,3
35913,6
35914,4
35920,43
35932,5
35936,5
35942,10
35972,4
35975,31
35977,55
35978,42
35979,162
35980,46
35982,90
35983,66
35989,4
35994,31
35999,29
36000,25
36004,283
36005,283
36064,44
36073,44
36076,44
36108,22
36119,22
36144,8
36164,6
36168,100
36182,45
36192,5
36198,23
36226,4
36233,55
36241,4
36252,46
36258,10
36294,2
36296,3
36298,44
36349,67
36350,67
36367,102
36371,102
36373,102
36393,2
36404,5
36409,87
36410,283
36453,8
36458,3
36474,67
36475,8
36477,8
36485,9
36492,191
36498,29
36506,46
36509,1
36516,191
36517,191
36518,29
36525,102
36526,46
36530,29
36556,8
36574,102
36578,5
36579,5
36583,2
36584,51
36587,191
36595,69
36598,69
36600,36
36601,36
36603,67
36611,8
36612,5
36613,4
36614,284
36616,23
36618,4
36619,5
36620,23
36621,46
36622,46
36623,46
36624,46
36625,46
36626,3
36630,3
36635,4
36637,1
36638,69
36641,9
36650,4
36660,5
36663,7
36664,102
36665,95
36666,67
36667,67
36668,57
36671,57
36675,50
36690,4
36693,2
36696,23
36697,23
36704,57
36705,7
36712,1
36718,44
36720,44
36727,284
36735,21
36757,3
36759,4
36760,4
36788,23
36802,4
36821,103
36825,68
36826,68
36833,29
36853,4
36893,55
36934,3
36944,50
36953,50
36954,103
36970,1
37020,2
37035,105
37037,38
37038,38
37074,23
37103,6
37104,6
37113,39
37114,87
37116,69
37117,69
37118,39
37119,39
37140,23
37239,1
37259,45
37267,2
37290,57
37307,50
37310,6
37311,51
37312,11
37320,6
37324,46
37330,46
37332,219
37341,1
37379,285
37380,285
37385,3
37386,1
37392,6
37393,1
37396,162
37398,162
37399,1
37400,2
37401,23
37403,1
37411,1
37412,105
37416,4
37417,4
37418,4
37422,69
37423,3
37425,51
37427,55
37428,71
37432,52
37435,11
37441,2
37446,1
37449,2
37453,1
37454,2
37462,3
37463,1
37469,163
37476,71
37480,3
37516,197
37580,3
37608,45
37649,3
37655,8
37675,28
37702,285
37736,11
37754,50
37781,125
37835,16
37879,5
37895,39
37899,71
37900,71
37901,71
37902,71
37903,71
37904,71
37940,52
37957,39
37958,6
37968,16
37969,16
37970,16
37971,16
37972,16
37973,16
37978,10
37991,22
38017,12
38019,3
38022,56
38025,2
38026,1
38027,2
38030,2
38033,23
38034,16
38036,8
38037,2
38038,2
38039,198
38040,1
38041,8
38043,6
38045,6
38046,6
38051,198
38054,1
38059,50
38060,1
38061,6
38066,11
38069,5
38073,8
38074,78
38076,78
38106,6
38109,4
38110,4
38111,6
38112,6
38113,4
38115,29
38116,3
38117,4
38118,4
38119,21
38122,2
38123,16
38125,288
38133,6
38138,1
38140,6
38141,6
38213,21
38259,1
38323,1
38384,46
38432,1
38494,17
38498,2
38512,57
38513,57
38514,57
38515,57
38527,1
38551,17
38560,1
38571,1
38577,3
38579,3
38678,8
38683,3
38732,4
38755,3
38782,2
38790,165
38792,289
38793,289
38802,8
38803,8
38805,26
38818,26
38824,14
38826,1
38834,26
38838,7
38844,26
38846,7
38849,6
38850,7
38851,6
38856,16
38860,289
38863,289
38864,289
38865,289
38866,289
38869,6
38870,6
38872,289
38873,10
38875,6
38876,6
38877,6
38878,6
38879,6
38880,6
38890,289
38892,289
38900,289
38904,4
38912,289
38913,289
38914,289
38927,289
38929,289
38930,289
38931,289
38932,289
38942,2
38993,1
39042,2
39052,2
39059,5
39074,8
39083,1
39087,128
39111,47
39157,47
39187,6
39192,10
39219,7
39228,23
39244,289
39247,128
39257,289
39330,47
39349,9
39352,9
39359,12
39362,2
39378,2
39379,1
39391,49
39394,289
39400,1
39405,6
39421,11
39430,57
39431,57
39432,57
39435,12
39438,50
39440,289
39459,289
39469,92
39471,92
39478,2
39489,2
39496,290
39505,2
39513,2
39515,47
39517,47
39527,1
39528,2
39530,2
39536,11
39538,6
39549,50
39550,50
39554,1
39556,1
39561,23
39562,49
39567,11
39574,29
39584,29
39585,3
39586,11
39587,1
39588,6
39593,1
39599,1
39605,6
39606,2
39608,8
39611,4
39612,49
39614,3
39619,6
39620,50
39625,6
39626,50
39628,5
39631,5
39633,202
39639,4
39641,1
39642,2
39651,1
39652,11
39654,1
39655,1
39658,58
39671,6
39674,8
39675,128
39676,128
39682,23
39685,290
39686,2
39690,6
39691,2
39692,23
39708,8
39715,50
39723,23
39728,6
39729,1
39730,1
39761,5
39762,5
39763,5
39779,2
39784,49
39789,34
39800,14
39801,57
39806,290
39807,290
39815,2
39816,2
39817,2
39818,2
39819,2
39830,49
39838,49
39865,12
39889,8
39892,47
39900,1
39901,1
39902,7
39905,6
39910,18
39911,18
39912,18
39934,50
39999,14
40000,51
40022,3
40037,7
40050,6
40054,2
40055,5
40057,47
40059,34
40072,57
40075,6
40083,128
40089,58
40096,4
40098,4
40100,1
40110,13
40111,13
40112,13
40113,13
40120,1
40123,52
40161,13
40162,13
40163,13
40164,13
40165,13
40166,13
40167,13
40168,13
40169,13
40170,13
40171,13
40178,110
40180,53
40183,11
40185,57
40186,57
40189,74
40191,51
40196,31
40203,7
40204,7
40220,2
40221,2
40229,6
40237,2
40241,1
40247,9
40249,2
40251,32
40256,1
40265,6
40267,3
40271,1
40272,47
40274,1
40286,51
40287,8
40288,51
40293,14
40295,6
40298,3
40303,3
40305,1
40307,9
40311,3
40314,23
40315,23
40317,8
40318,294
40319,9
40320,9
40333,3
40336,4
40338,2
40340,8
40343,2
40344,8
40345,2
40346,1
40348,297
40350,1
40351,23
40356,5
40359,8
40364,36
40367,1
40369,5
40377,5
40384,56
40386,6
40391,47
40393,7
40394,47
40407,128
40440,23
40448,11
40450,11
40455,36
40456,36
40458,36
40459,36
40460,36
40461,36
40462,36
40474,47
40480,5
40501,299
40509,299
40522,2
40534,19
40549,107
40556,128
40575,5
40602,2
40613,107
40615,107
40624,19
40654,47
40669,21
40675,128
40782,47
40788,1
40894,16
40914,1
40919,16
40920,109
40928,54
40936,1
40940,59
40976,2
40981,5
40986,6
41001,1
41003,3
41005,7
41007,207
41008,72
41009,72
41011,7
41012,207
41013,109
41014,109
41018,8
41020,57
41021,16
41022,3
41026,129
41029,299
41030,299
41031,211
41032,211
41033,211
41035,299
41036,299
41039,59
41042,1
41044,1
41047,2
41049,1
41051,1
41052,1
41053,1
41054,1
41055,1
41059,16
41060,1
41063,1
41065,1
41066,1
41068,2
41069,299
41071,299
41072,299
41074,16
41079,2
41080,2
41081,3
41085,1
41086,1
41087,59
41097,49
41103,5
41238,58
41239,58
41247,1
41279,1
41284,23
41286,30
41302,64
41346,14
41359,1
41369,14
41375,12
41425,6
41470,213
41471,213
41473,65
41477,58
41478,58
41496,14
41536,6
41566,114
41567,73
41576,13
41586,30
41587,30
41588,30
41589,30
41594,3
41598,30
41603,30
41605,1
41628,3
41634,3
41636,116
41643,14
41646,73
41649,166
41658,2
41659,3
41665,116
41667,116
41668,213
41671,3
41672,14
41676,8
41677,29
41680,67
41681,3
41686,214
41687,214
41688,214
41689,214
41690,116
41691,214
41692,116
41694,1
41696,1
41698,1
41703,2
41704,2
41707,23
41708,58
41713,1
41716,1
41717,30
41718,4
41720,4
41724,4
41726,4
41727,4
41728,30
41730,4
41731,4
41732,4
41734,4
41742,67
41743,4
41744,4
41747,4
41752,3
41757,5
41758,4
41759,1
41763,30
41766,4
41767,4
41773,214
41774,58
41775,214
41779,4
41780,29
41787,130
41795,300
41802,16
41818,167
41825,1
41840,58
41845,169
41884,1
41898,4
41918,59
41943,117
41983,300
41984,214
42077,50
42085,13
42086,13
42096,7
42141,1
42153,3
42160,117
42167,50
42184,2
42202,9
42223,3
42224,31
42238,50
42240,3
42256,4
42277,2
42304,31
42308,2
42312,2
42333,3
42335,2
42337,50
42341,4
42342,4
42343,4
42345,67
42346,4
42350,6
42351,6
42353,13
42356,2
42358,9
42360,9
42363,13
42367,13
42371,9
42374,13
42376,1
42381,1
42384,1
42389,6
42392,301
42393,61
42394,31
42395,31
42396,23
42398,173
42409,5
42410,4
42415,173
42417,23
42419,173
42422,3
42439,4
42444,8
42445,4
42446,4
42456,4
42460,4
42463,4
42464,4
42466,4
42467,4
42469,4
42470,4
42473,4
42482,4
42485,50
42486,50
42501,26
42541,6
42548,5
42550,10
42554,31
42585,1
42688,50
42716,7
42723,218
42772,23
42799,2
42812,6
42832,16
42858,218
42879,16
42886,50
42891,1
42892,50
42893,2
42901,2
42902,2
42903,13
42904,13
42905,13
42907,2
42932,218
42953,132
42961,1
42963,11
42964,1
42982,17
42997,3
42998,3
43009,2
43012,1
43017,2
43027,5
43029,73
43032,6
43034,2
43041,73
43047,13
43052,86
43055,8
43060,1
43064,50
43065,5
43072,2
43075,173
43078,2
43080,2
43085,8
43086,5
43090,25
43092,3
43096,65
43097,118
43099,4
43100,4
43101,4
43103,4
43104,4
43106,4
43107,32
43108,4
43113,4
43115,11
43117,218
43118,218
43119,218
43120,218
43121,32
43122,17
43123,118
43124,8
43125,17
43126,118
43128,1
43132,3
43135,25
43150,303
43151,4
43152,4
43160,3
43163,5
43167,4
43168,8
43169,5
43176,15
43178,10
43181,17
43184,13
43185,4
43186,4
43201,218
43236,6
43267,134
43268,5
43284,3
43293,1
43310,7
43348,2
43356,13
43357,2
43406,1
43488,304
43489,33
43498,5
43536,8
43538,20
43543,8
43590,6
43595,21
43606,8
43641,304
43678,8
43684,26
43685,26
43694,67
43695,49
43697,9
43698,9
43699,9
43700,9
43701,9
43703,8
43705,7
43706,3
43714,5
43715,2
43716,2
43725,2
43729,9
43730,1
43736,2
43740,37
43742,9
43746,24
43747,62
43748,9
43749,9
43751,2
43752,6
43753,62
43754,62
43755,62
43756,62
43758,218
43760,67
43767,17
43768,307
43769,23
43771,2
43772,2
43773,2
43774,2
43775,23
43776,7
43780,2
43781,2
43784,23
43785,1
43789,8
43792,1
43793,2
43795,6
43798,2
43801,5
43802,37
43805,8
43816,5
43821,8
43824,67
43828,29
43888,308
43892,2
43921,1
43946,1
43949,1
44026,3
44035,52
44114,5
44132,8
44133,1
44145,9
44154,6
44168,5
44186,75
44207,119
44216,308
44223,23
44224,23
44250,23
44260,9
44266,134
44271,75
44274,119
44275,37
44278,69
44281,218
44287,134
44313,3
44314,3
44315,3
44316,3
44320,3
44321,3
44322,3
44323,3
44324,3
44325,3
44326,3
44327,3
44328,3
44336,17
44337,173
44338,173
44339,6
44341,15
44346,67
44352,64
44355,8
44357,3
44358,3
44359,3
44363,173
44369,3
44373,4
44380,2
44381,29
44382,2
44383,11
44384,7
44385,64
44387,64
44391,7
44395,308
44396,4
44397,3
44398,308
44400,119
44401,11
44404,308
44407,11
44408,11
44411,15
44419,3
44420,2
44421,11
44424,5
44425,5
44426,5
44427,5
44428,5
44429,5
44430,1
44432,8
44435,8
44438,23
44440,23
44448,23
44450,23
44451,23
44476,3
44508,134
44546,309
44555,6
44607,134
44638,1
44641,135
44656,23
44667,5
44668,27
44672,8
44701,20
44705,15
44716,137
44738,4
44799,173
44803,15
44805,2
44822,6
44864,15
44880,2
44882,119
44885,5
44887,5
44897,15
44898,5
44902,22
44910,3
44915,3
44917,2
44919,39
44926,8
44934,54
44937,119
44941,23
44942,23
44944,5
44945,24
44946,119
44947,24
44950,24
44951,88
44952,139
44953,139
44954,139
44955,89
44956,89
44957,89
44958,8
44960,6
44962,311
44963,70
44964,3
44967,1
44968,1
44970,6
44971,67
44972,6
44973,67
44975,67
44976,3
44978,67
44986,5
44987,1
44989,1
44990,1
44999,5
45001,27
45002,5
45006,39
45027,139
45040,1
45041,54
45046,139
45047,139
45048,139
45049,139
45050,139
45051,139
45052,139
45055,26
45056,139
45063,220
45064,220
45065,220
45066,220
45067,220
45070,16
45072,7
45075,54
45076,54
45334,16
45368,22
45411,16
45429,17
45430,17
45432,26
45449,24
45462,139
45475,22
45477,96
45514,1
45516,27
45519,1
45520,1
45524,1
45526,22
45527,1
45530,1
45536,1
45537,1
45539,1
45541,2
45543,1
45557,2
45559,1
45566,25
45568,12
45573,1
45576,1
45582,11
45584,54
45586,69
45587,69
45588,54
45591,26
45593,26
45599,8
45601,28
45604,15
45607,80
45610,1
45611,9
45613,28
45614,28
45615,1
45616,3
45617,8
45619,1
45620,70
45622,1
45623,28
45624,6
45626,33
45627,1
45629,28
45633,3
45637,1
45640,10
45642,1
45643,1
45647,1
45651,34
45666,34
45669,1
45671,1
45676,96
45685,28
45688,10
45690,1
45693,13
45695,13
45717,17
45718,311
45725,1
45729,15
45734,3
45738,1
45739,1
45817,3
45825,33
45831,8
45860,1
45877,54
45887,17
45890,70
45905,18
45930,140
45959,18
46054,7
46095,54
46097,54
46112,54
46114,54
46123,52
46124,140
46127,7
46133,89
46134,142
46137,52
46141,52
46143,52
46146,52
46148,142
46155,5
46181,27
46188,3
46194,52
46196,8
46203,17
46204,17
46205,7
46206,142
46209,15
46210,15
46211,142
46214,4
46215,222
46219,14
46222,18
46225,5
46227,1
46231,7
46233,27
46234,34
46236,1
46237,5
46239,2
46247,3
46249,1
46250,1
46251,9
46254,3
46255,2
46256,17
46259,2
46262,54
46264,54
46279,145
46282,146
46283,146
46285,54
46290,18
46291,146
46292,23
46293,1
46294,1
46295,61
46296,1
46297,1
46298,1
46302,1
46305,1
46306,1
46307,1
46310,1
46311,1
46312,5
46319,29
46320,1
46364,3
46380,54
46391,3
46449,17
46451,10
46462,146
46471,4
46474,146
46490,313
46491,313
46492,313
46537,9
46543,25
46547,30
46557,1
46560,1
46561,3
46569,3
46570,3
46571,3
46582,52
46604,124
46625,25
46626,25
46627,25
46630,25
46631,25
46633,1
46660,5
46681,2
46703,25
46723,14
46727,9
46729,70
46730,70
46736,3
46739,3
46753,30
46795,5
46807,3
46821,16
46823,124
46830,18
46834,18
46843,5
46874,3
46881,29
46882,29
46894,1
46897,3
46901,14
46906,3
46925,1
46926,1
46927,1
46928,222
46929,70
46934,52
46936,4
46939,3
46940,1
46942,3
46944,1
46948,30
46949,14
46950,1
46951,1
46956,14
46961,226
46963,1
46973,70
46976,3
46980,16
46999,30
47001,80
47004,314
47005,3
47006,1
47007,314
47008,1
47009,1
47010,1
47012,10
47015,5
47017,80
47031,1
47034,27
47036,26
47039,3
47040,3
47045,31
47046,31
47047,24
47048,24
47051,24
47121,3
47141,26
47171,182
47217,5
47235,13
47261,91
47313,6
47322,5
47323,5
47373,81
47376,81
47393,6
47460,5
47486,4
47499,14
47505,70
47506,81
47524,3
47534,1
47538,29
47539,1
47540,2
47547,30
47548,18
47549,9
47550,53
47552,83
47554,232
47555,14
47556,70
47557,14
47558,314
47559,314
47561,222
47563,222
47564,2
47565,18
47567,17
47568,222
47571,18
47572,316
47574,316
47577,18
47578,18
47582,4
47585,222
47591,316
47595,5
47597,10
47600,1
47603,5
47606,6
47607,40
47608,14
47610,6
47611,27
47618,1
47619,84
47620,5
47621,1
47627,2
47630,1
47631,10
47632,84
47633,16
47634,18
47636,16
47637,1
47638,1
47640,10
47641,36
47655,17
47660,29
47664,5
47682,3
47730,84
47734,5
47768,146
47787,5
47822,3
47859,183
47860,50
47861,50
47862,50
47863,50
47864,50
47865,50
47866,50
47905,33
47918,2
47922,5
47945,1
47979,29
47980,98
48002,53
48004,98
48034,147
48039,147
48081,5
48087,5
48089,3
48106,233
48108,17
48122,25
48127,2
48133,27
48134,27
48136,33
48148,40
48151,183
48153,18
48154,18
48155,18
48156,3
48158,3
48161,11
48164,3
48167,183
48170,2
48171,2
48172,3
48173,184
48175,316
48176,316
48177,5
48179,75
48185,316
48186,316
48187,3
48188,3
48189,185
48192,317
48193,317
48195,80
48197,1
48198,147
48199,147
48200,126
48201,187
48202,187
48206,53
48208,20
48210,20
48271,149
48312,56
48320,126
48438,3
48475,189
48487,6
48489,3
48505,53
48506,53
48507,53
48508,53
48509,53
48510,53
48511,53
48531,18
48552,149
48564,53
48574,2
48583,3
48590,2
48591,2
48595,3
48596,6
48599,5
48613,84
48615,33
48631,18
48647,1
48651,320
48652,320
48654,27
48655,29
48670,128
48678,2
48679,128
48683,84
48684,75
48685,75
48689,5
48694,30
48696,4
48698,9
48699,4
48701,320
48702,320
48707,84
48709,84
48713,6
48714,1
48715,11
48717,11
48718,11
48719,2
48720,2
48724,7
48726,1
48727,2
48728,190
48729,39
48733,40
48736,31
48737,39
48738,192
48740,33
48742,2
48744,75
48748,5
48751,193
48752,1
48753,2
48758,11
48762,193
48764,11
48768,2
48775,31
48779,5
48788,10
48789,10
48790,10
48793,10
48869,5
49004,18
49005,18
49009,98
49083,3
49124,194
49135,8
49138,98
49142,4
49144,7
49159,4
49161,70
49167,11
49193,77
49196,1
49218,30
49220,33
49223,2
49228,1
49229,320
49230,4
49231,30
49233,30
49237,4
49238,1
49241,30
49243,4
49244,53
49245,80
49250,1
49251,81
49252,2
49254,320
49256,30
49257,30
49258,30
49261,320
49262,30
49264,53
49265,4
49266,320
49267,320
49268,320
49270,30
49274,320
49275,320
49277,14
49278,14
49279,14
49280,14
49281,4
49282,320
49283,320
49284,4
49285,5
49286,4
49287,4
49290,1
49292,82
49294,39
49295,53
49297,39
49298,33
49299,1
49300,53
49301,1
49304,2
49307,7
49308,31
49310,31
49318,54
49327,1
49344,7
49345,25
49346,7
49348,28
49349,198
49351,2
49360,8
49361,7
49364,5
49365,5
49366,5
49394,100
49456,100
49466,100
49500,6
49518,149
49570,14
49572,14
49578,14
49579,14
49580,14
49581,14
49585,11
49600,18
49601,18
49631,7
49651,33
49672,33
49673,5
49734,80
49743,54
49751,7
49752,7
49779,149
49780,149
49793,8
49794,1
49808,3
49809,1
49814,3
49828,1
49830,1
49849,20
49853,56
49882,4
49883,4
49888,11
49892,1
49894,1
49895,2
49900,320
49902,12
49904,55
49912,4
49914,4
49917,4
49920,33
49921,3
49927,17
49931,17
49932,25
49934,28
49937,1
49945,198
49946,4
49947,1
49948,16
49949,101
49952,4
49954,101
49956,33
49957,4
49958,56
49959,56
49963,2
49968,53
49969,53
49970,14
49972,12
49973,1
49974,14
49975,14
49982,25
49983,25
49984,4
49986,4
49992,3
49998,25
50001,16
50086,149
50119,7
50134,5
50164,198
50191,5
50202,87
50219,87
50230,80
50238,25
50255,6
50262,13
50277,5
50282,3
50297,104
50303,87
50311,240
50320,5
50324,6
50325,5
50349,42
50364,87
50367,5
50411,40
50427,7
50443,5
50469,40
50471,5
50481,4
50543,33
50545,53
50555,18
50560,11
50567,2
50568,18
50569,18
50579,1
50589,18
50594,16
50600,5
50604,1
50610,5
50612,5
50613,5
50625,31
50626,7
50627,31
50632,14
50633,105
50636,20
50649,13
50651,13
50657,25
50662,10
50663,10
50664,2
50665,2
50666,11
50667,4
50668,3
50669,73
50673,149
50675,18
50679,73
50680,2
50688,2
50698,21
50700,21
50702,3
50703,18
50707,2
50708,2
50711,5
50712,1
50713,18
50715,23
50728,1
50736,56
50745,18
50746,105
50747,12
50750,20
50754,105
50761,322
50762,322
50764,2
50769,24
50770,322
50773,2
50787,6
50788,6
50793,1
50820,2
50821,34
50873,5
50874,5
50875,5
50879,34
50881,81
50927,3
50937,12
50949,322
50950,3
50955,12
50965,5
50967,81
50978,149
50980,149
50989,73
51030,3
51038,13
51058,81
51068,105
51075,34
51076,34
51095,41
51099,2
51102,3
51104,2
51107,3
51109,5
51111,3
51114,3
51131,5
51143,14
51144,14
51154,132
51156,1
51173,3
51192,5
51213,240
51250,8
51276,11
51293,1
51294,3
51295,1
51301,11
51303,11
51306,150
51309,2
51310,25
51313,2
51316,6
51317,1
51318,8
51319,26
51322,3
51324,3
51327,2
51334,2
51336,8
51344,107
51350,15
51352,26
51355,18
51356,11
51359,73
51360,73
51364,18
51366,324
51369,1
51370,1
51371,1
51372,1
51373,1
51374,1
51375,1
51376,1
51377,1
51378,1
51379,19
51380,19
51381,19
51383,6
51384,19
51386,1
51396,17
51397,8
51399,201
51404,1
51406,13
51408,11
51409,13
51411,12
51415,12
51417,73
51435,19
51439,53
51441,53
51443,53
51444,16
51446,16
51454,26
51618,7
51698,1
51699,13
51711,1
51715,8
51738,28
51748,5
51768,25
51771,151
51773,73
51780,241
51781,4
51856,151
51860,324
51864,1
51865,5
51874,12
51879,88
51880,88
51883,7
51885,81
51894,324
51895,324
51898,88
51909,28
51912,19
51917,5
51920,202
51921,3
51925,81
51926,203
51927,203
51928,203
51931,88
51932,88
51937,88
51939,88
51941,25
51942,25
51950,1
51959,5
51960,1
51963,2
51965,25
51966,88
51967,1
51969,12
51971,1
51976,2
51981,5
51986,88
51987,25
51991,4
51992,2
51994,242
51996,1
51997,1
51999,1
52001,14
52005,1
52007,1
52008,1
52010,1
52011,1
52016,12
52017,2
52018,2
52020,12
52021,12
52022,12
52023,12
52026,25
52049,2
52117,109
52118,109
52187,109
52199,9
52205,2
52206,2
52210,2
52211,2
52212,2
52228,9
52252,81
52262,81
52267,6
52284,1
52285,1
52339,2
52347,8
52374,18
52382,11
52409,1
52411,1
52412,1
52424,3
52425,3
52449,89
52453,7
52456,14
52458,9
52462,2
52478,91
52486,81
52492,7
52497,7
52498,7
52499,7
52502,20
52508,3
52512,91
52515,7
52524,92
52529,93
52530,326
52531,162
52532,162
52533,162
52534,162
52535,162
52536,162
52537,162
52538,162
52539,162
52540,162
52545,93
52549,26
52550,94
52551,1
52554,26
52557,21
52559,1
52561,1
52566,26
52567,2
52569,19
52570,19
52571,1
52576,19
52577,19
52586,1
52588,101
52590,10
52592,1
52597,102
52599,102
52603,1
52606,94
52610,102
52611,4
52612,14
52614,7
52618,4
52622,4
52629,74
52630,30
52634,1
52725,6
52747,3
52805,7
52808,1
52823,95
52885,1
52944,1
52945,1
52990,30
52992,112
52996,44
53003,18
53036,31
53047,95
53076,14
53084,44
53097,162
53098,162
53103,12
53115,3
53124,45
53131,45
53133,45
53135,45
53141,95
53142,10
53147,3
53149,42
53151,1
53153,95
53154,3
53155,17
53156,1
53157,42
53158,9
53166,10
53167,43
53170,14
53175,53
53177,1
53179,9
53183,14
53184,14
53191,26
53195,2
53198,44
53200,45
53203,1
53205,25
53206,2
53209,47
53214,1
53216,1
53217,48
53225,48
53227,48
53229,50
53232,50
53235,2
53238,6
53250,2
53259,4
53264,95
53268,5
53273,26
53297,29
53320,29
53321,29
53336,18
53393,25
53442,3
53515,75
53549,5
53577,3
53612,2
53629,96
53632,34
53646,96
53662,58
53670,2
53693,35
53695,4
53708,2
53709,23
53710,138
53718,1
53721,96
53723,3
53724,14
53726,14
53728,5
53732,14
53734,17
53737,17
53739,2
53740,9
53743,225
53744,1
53745,96
53746,96
53747,96
53748,96
53750,1
53752,96
53755,96
53757,1
53758,96
53760,1
53762,8
53763,1
53764,38
53765,10
53771,1
53772,2
53773,2
53774,2
53781,1
53782,1
53783,1
53786,18
53787,46
53795,30
53796,2
53797,81
53798,4
53799,4
53800,58
53802,20
53807,20
53809,11
53810,2
53812,17
53813,17
53814,17
53815,17
53817,11
53818,1
53820,20
53824,20
53842,225
53843,82
53869,2
53881,6
53929,1
53965,39
53969,18
54009,46
54016,76
54034,1
54036,1
54083,1
54089,29
54094,1
54105,2
54117,332
54119,332
54158,8
54170,2
54173,99
54175,99
54180,35
54181,35
54185,25
54204,12
54205,12
54242,2
54248,24
54252,137
54264,14
54265,1
54272,248
54277,32
54282,2
54283,6
54284,6
54285,1
54288,1
54296,6
54298,29
54300,5
54301,6
54305,6
54309,13
54311,13
54314,25
54320,29
54321,3
54337,4
54339,76
54342,2
54345,5
54346,5
54347,5
54354,5
54355,27
54356,101
54357,101
54359,2
54363,20
54364,20
54365,27
54367,1
54370,27
54375,2
54376,2
54377,2
54378,2
54382,1
54384,29
54385,29
54386,6
54388,6
54389,6
54390,6
54391,6
54392,6
54393,3
54394,1
54396,2
54398,5
54399,25
54404,4
54406,6
54412,5
54414,11
54417,1
54422,6
54423,6
54425,5
54426,59
54429,76
54430,14
54431,2
54434,1
54435,2
54436,138
54440,6
54449,18
54450,1
54452,101
54453,102
54454,1
54455,53
54458,29
54469,7
54470,5
54476,1
54491,4
54513,5
54535,60
54539,21
54540,21
54547,60
54549,11
54550,11
54551,11
54552,11
54553,11
54554,11
54564,102
54605,2
54606,2
54607,2
54608,2
54609,2
54610,2
54611,2
54612,2
54613,2
54635,11
54636,11
54670,102
54677,102
54727,2
54728,2
54744,9
54745,9
54749,50
54766,2
54789,21
54791,5
54797,53
54808,53
54816,112
54824,2
54832,2
54853,2
54870,50
54873,333
54876,11
54883,3
54884,3
54889,18
54891,18
54913,9
54921,4
54925,5
54936,333
54939,4
54947,205
54962,7
54963,18
54964,18
54965,29
54966,29
54968,2
54971,7
54976,12
54982,6
54983,2
54985,5
54986,21
54988,1
54990,3
54992,13
54999,5
55002,1
55008,205
55010,9
55012,20
55013,77
55015,21
55016,21
55017,1
55019,32
55021,61
55027,21
55029,61
55034,32
55040,2
55041,21
55042,61
55046,3
55056,2
55057,25
55058,2
55060,102
55061,207
55062,102
55065,12
55067,5
55068,102
55071,25
55074,29
55081,2
55084,207
55087,29
55089,36
55105,1
55126,18
55223,4
55265,6
55280,43
55298,3
55306,2
55331,62
55371,2
55385,50
55386,50
55389,13
55402,2
55430,2
55457,42
55471,3
55485,2
55492,54
55497,21
55500,32
55501,3
55504,2
55512,207
55513,45
55514,5
55515,7
55518,2
55519,1
55520,12
55524,9
55525,1
55526,12
55527,2
55528,25
55529,2
55530,1
55531,2
55535,25
55536,5
55537,1
55538,2
55539,2
55540,1
55541,36
55542,1
55543,2
55544,2
55546,12
55547,30
55548,1
55549,1
55551,2
55552,25
55553,102
55554,2
55555,2
55559,14
55560,1
55561,50
55562,35
55563,20
55566,21
55567,3
55570,1
55575,54
55578,54
55583,54
55584,1
55585,33
55586,3
55588,3
55589,4
55594,1
55600,3
55603,14
55607,2
55611,5
55612,2
55615,26
55618,2
55620,21
55622,30
55630,5
55679,3
55819,77
55842,9
55848,5
55884,6
55902,1
56009,3
56010,3
56035,9
56036,9
56047,13
56058,2
56063,102
56065,5
56071,102
56072,102
56075,102
56081,53
56082,53
56102,9
56103,102
56107,1
56108,20
56109,13
56110,1
56113,5
56115,1
56116,1
56118,2
56120,1
56127,3
56131,3
56137,338
56143,12
56145,102
56148,5
56152,102
56154,1
56156,9
56157,102
56165,102
56170,1
56177,82
56178,9
56179,20
56181,1
56182,4
56188,20
56189,113
56190,248
56191,248
56192,248
56199,2
56201,1
56205,2
56206,1
56209,1
56210,1
56218,9
56219,2
56220,141
56221,141
56225,39
56226,1
56227,2
56232,2
56234,12
56241,2
56248,102
56252,13
56255,1
56262,33
56291,8
56292,8
56293,8
56294,8
56295,8
56296,8
56297,8
56317,79
56357,168
56378,7
56405,26
56407,2
56435,3
56441,6
56487,168
56497,12
56509,55
56525,56
56553,7
56577,46
56582,47
56593,30
56649,79
56663,6
56665,14
56674,9
56677,36
56699,2
56707,3
56717,17
56722,1
56729,102
56733,13
56739,49
56746,11
56751,4
56756,81
56757,81
56768,26
56790,4
56791,4
56792,4
56803,4
56817,339
56819,102
56821,339
56825,8
56827,44
56832,8
56834,8
56835,8
56837,30
56839,30
56840,339
56841,339
56842,339
56843,3
56845,339
56849,30
56851,4
56852,6
56853,2
56854,2
56855,4
56856,4
56857,5
56858,5
56861,8
56862,339
56863,339
56865,8
56869,1
56881,11
56884,11
56892,22
56894,339
56895,339
56896,339
56901,52
56904,250
56911,4
56914,2
56915,36
56919,54
56924,25
56933,1
56934,1
56940,22
56950,23
56983,35
57051,1
57100,18
57118,104
57120,104
57153,25
57158,3
57176,35
57230,2
57238,1
57253,1
57290,6
57299,11
57312,7
57313,7
57318,27
57321,14
57324,3
57325,36
57346,105
57364,2
57383,5
57392,1
57397,3
57413,113
57415,13
57416,13
57438,81
57441,26
57447,81
57448,81
57450,105
57454,3
57456,81
57457,3
57459,81
57460,81
57461,81
57462,81
57463,81
57464,81
57465,81
57466,81
57467,113
57469,65
57471,339
57476,3
57477,3
57478,1
57480,1
57481,46
57483,1
57487,105
57488,105
57489,105
57494,105
57500,105
57502,105
57508,2
57510,8
57511,7
57513,141
57514,141
57515,141
57516,105
57517,207
57521,24
57523,5
57527,107
57530,107
57535,107
57542,3
57548,25
57552,81
57553,2
57554,81
57557,81
57558,81
57560,81
57563,81
57567,26
57570,174
57574,107
57575,107
57576,107
57585,4
57588,2
57589,4
57597,4
57603,107
57604,4
57607,4
57613,4
57614,4
57620,25
57621,4
57622,14
57625,4
57627,2
57633,1
57634,1
57654,1
57664,21
57677,81
57709,9
57716,4
57735,4
57740,107
57768,1
57803,35
57805,11
57812,18
57875,109
57882,3
57902,26
57926,21
57927,21
57942,109
57952,109
57953,109
58066,24
58068,25
58078,109
58080,109
58083,5
58089,5
58091,5
58093,141
58100,21
58101,4
58102,5
58112,174
58114,3
58118,174
58119,5
58121,174
58122,174
58123,5
58124,174
58125,6
58126,1
58127,4
58135,3
58141,24
58149,21
58151,10
58159,1
58162,8
58166,119
58167,1
58169,3
58171,30
58172,110
58175,110
58179,144
58181,56
58183,144
58185,67
58186,110
58189,3
58190,7
58192,4
58196,6
58197,3
58198,4
58202,4
58203,4
58205,1
58208,25
58210,4
58211,4
58214,5
58221,1
58222,25
58223,25
58225,25
58226,12
58227,12
58228,12
58229,8
58230,12
58231,110
58234,5
58235,5
58237,6
58238,5
58240,110
58245,110
58247,144
58248,110
58249,110
58250,110
58252,5
58254,27
58257,25
58258,3
58261,141
58262,141
58265,4
58268,6
58271,6
58275,6
58280,21
58283,110
58288,13
58289,9
58303,2
58313,110
58314,110
58319,110
58334,4
58336,4
58348,1
58357,176
58360,141
58374,13
58384,3
58385,82
58388,141
58401,4
58420,2
58491,18
58498,6
58515,7
58524,7
58531,3
58537,25
58544,141
58548,4
58555,21
58564,1
58582,12
58586,4
58606,7
58608,7
58611,2
58612,5
58617,1
58633,12
58642,6
58667,12
58685,8
58698,13
58713,2
58719,5
58723,5
58728,6
58738,144
58749,1
58759,3
58784,27
58785,25
58787,5
58788,25
58791,13
58796,5
58799,4
58801,5
58804,6
58805,12
58806,1
58811,35
58819,82
58820,141
58824,145
58825,2
58826,5
58828,12
58844,1
58850,183
58851,111
58857,4
58877,1
58878,1
58884,339
58885,8
58892,29
58895,1
58896,27
58897,2
58899,1
58900,2
58903,111
58907,111
59002,7
59011,141
59017,141
59042,4
59047,4
59051,35
59082,1
59089,1
59097,7
59129,186
59143,146
59154,6
59166,4
59193,7
59202,13
59226,4
59260,8
59267,208
59272,111
59278,12
59298,82
59303,2
59304,111
59305,111
59314,208
59351,1
59354,10
59355,8
59362,13
59365,2
59366,2
59367,10
59380,4
59382,15
59386,22
59392,21
59397,69
59401,8
59405,25
59406,12
59407,12
59408,12
59409,12
59410,12
59413,6
59418,2
59420,255
59429,2
59434,21
59437,2
59438,255
59441,255
59444,4
59445,1
59453,2
59454,10
59456,14
59457,4
59458,1
59460,1
59461,1
59467,209
59470,1
59473,30
59474,2
59476,7
59477,4
59478,1
59479,9
59482,2
59483,4
59484,25
59488,4
59489,4
59490,8
59492,4
59497,6
59499,4
59501,2
59502,57
59503,57
59510,4
59513,15
59514,15
59515,15
59516,15
59517,3
59524,15
59532,1
59533,4
59535,8
59536,6
59553,6
59554,112
59612,13
59651,10
59654,7
59662,1
59676,13
59699,71
59741,8
59778,15
59786,82
59873,4
59879,256
59892,1
59931,2
59947,7
59955,36
59962,7
60001,11
60003,1
60022,6
60027,1
60043,31
60051,46
60052,10
60057,6
60061,6
60066,6
60067,10
60069,213
60073,213
60081,2
60082,114
60083,114
60084,114
60085,114
60086,114
60087,114
60091,6
60094,3
60097,342
60098,342
60100,3
60101,213
60103,342
60104,342
60105,342
60108,18
60109,18
60110,15
60111,18
60113,4
60114,4
60115,4
60119,14
60123,342
60124,40
60126,2
60131,25
60132,25
60133,114
60137,1
60139,1
60140,3
60145,4
60147,29
60149,29
60152,3
60155,114
60164,18
60165,18
60175,342
60178,46
60180,5
60181,1
60182,8
60185,7
60186,342
60190,342
60192,8
60193,114
60194,114
60195,8
60196,3
60197,12
60200,27
60205,3
60217,4
60218,4
60219,4
60220,4
60233,83
60263,4
60285,8
60288,25
60304,3
60312,35
60320,1
60325,5
60370,123
60372,1
60404,1
60405,1
60410,8
60443,1
60521,1
60523,3
60525,4
60526,1
60531,8
60565,1
60572,83
60587,14
60611,6
60616,35
60626,4
60628,14
60629,1
60637,21
60639,7
60653,15
60656,37
60662,83
60671,84
60674,84
60700,115
60705,12
60710,6
60712,3
60713,26
60717,115
60719,1
60723,1
60724,9
60726,25
60727,25
60733,141
60734,46
60735,15
60737,141
60738,9
60746,31
60749,3
60752,1
60753,21
60755,3
60759,21
60765,29
60768,1
60771,14
60772,14
60775,14
60777,1
60779,5
60782,1
60783,1
60785,5
60786,6
60788,115
60790,84
60791,84
60793,3
60797,84
60811,6
60816,84
60817,84
60818,84
60819,84
60820,84
60821,37
60822,190
60824,14
60828,11
60829,11
60839,1
60844,18
60845,18
60846,18
60847,18
60848,18
60849,18
60850,18
60851,18
60852,18
60854,18
60855,18
60856,18
60868,1
60907,16
60912,9
60913,9
60958,57
60970,21
60977,7
60989,8
61032,6
61033,13
61045,1
61053,3
61056,1
61066,3
61080,1
61084,1
61088,1
61131,9
61132,9
61133,9
61134,9
61135,9
61136,9
61162,1
61163,1
61164,1
61166,1
61167,1
61168,1
61169,1
61170,1
61171,1
61172,1
61173,1
61174,1
61175,1
61198,11
61199,11
61204,124
61205,124
61222,4
61229,11
61249,16
61250,22
61275,3
61289,15
61321,25
61322,4
61329,5
61330,15
61331,4
61335,15
61337,5
61339,2
61343,2
61345,37
61346,6
61348,4
61350,2
61351,125
61352,37
61358,46
61359,14
61360,16
61372,9
61381,16
61387,25
61388,213
61389,1
61390,57
61394,9
61396,3
61397,125
61398,125
61399,125
61400,3
61404,21
61405,21
61414,25
61417,2
61418,2
61419,40
61424,115
61445,2
61448,17
61493,87
61497,17
61525,21
61552,2
61555,1
61557,2
61579,1
61584,75
61586,141
61595,4
61596,21
61606,4
61625,4
61635,14
61651,1
61674,4
61677,116
61729,22
61772,6
61777,5
61792,10
61794,27
61802,75
61804,75
61823,192
61826,83
61827,83
61828,5
61846,116
61858,14
61860,22
61862,22
61864,2
61866,22
61867,9
61886,75
61887,6
61894,22
61896,22
61898,2
61901,1
61904,27
61907,116
61908,5
61909,2
61910,5
61911,21
61912,5
61916,27
61917,38
61923,5
61931,22
61932,29
61934,29
61935,1
61936,116
61939,2
61940,25
61941,4
61942,25
61948,31
61949,2
61953,116
61955,1
61957,36
61958,21
61959,4
61960,8
61961,11
61962,1
61963,25
61970,6
61972,21
61973,4
61974,4
61975,36
61978,4
61979,1
61984,21
61988,6
61989,5
61995,9
61996,9
61997,9
61998,9
61999,9
62000,9
62001,9
62002,9
62009,6
62010,6
62012,29
62020,12
62040,27
62046,9
62080,4
62150,1
62161,192
62162,9
62163,9
62164,9
62195,3
62202,10
62233,2
62247,12
62250,9
62273,6
62282,1
62283,58
62285,12
62291,9
62306,214
62314,2
62317,4
62344,14
62345,21
62357,194
62369,4
62370,18
62384,156
62397,1
62409,1
62437,6
62438,6
62439,6
62440,6
62441,6
62449,116
62482,7
62483,7
62484,6
62486,2
62487,17
62488,32
62509,1
62511,4
62513,214
62515,87
62521,87
62529,87
62536,79
62537,15
62538,58
62539,58
62540,5
62541,58
62542,58
62543,58
62547,25
62548,25
62553,7
62554,24
62556,7
62557,32
62560,9
62561,32
62562,32
62563,32
62564,12
62567,32
62568,32
62572,22
62575,25
62576,25
62578,6
62580,116
62583,25
62589,25
62591,17
62595,4
62597,1
62598,32
62599,1
62600,5
62601,1
62602,7
62603,1
62605,1
62608,5
62609,12
62610,20
62611,1
62615,5
62617,2
62618,2
62619,2
62620,2
62621,2
62629,3
62636,7
62800,32
62801,32
62802,32
62803,32
62804,32
62805,32
62806,32
62807,32
62833,1
62842,21
62844,21
62941,22
62980,127
62982,3
62983,2
62984,15
62985,3
62986,3
62987,3
62988,3
63001,2
63044,79
63096,1
63103,2
63114,115
63117,1
63119,37
63120,37
63122,115
63127,11
63144,2
63147,4
63149,1
63151,4
63153,120
63158,20
63161,1
63162,2
63163,2
63165,1
63166,1
63167,1
63169,37
63173,37
63174,1
63175,1
63177,37
63178,37
63179,37
63189,29
63197,1
63201,52
63203,2
63207,1
63216,2
63221,1
63223,37
63224,2
63225,37
63227,38
63239,29
63240,29
63241,29
63242,29
63243,29
63244,29
63245,29
63246,29
63247,29
63248,29
63249,29
63250,29
63251,29
63252,29
63253,29
63254,4
63261,9
63263,13
63301,11
63302,11
63303,11
63304,11
63316,2
63338,2
63346,2
63348,2
63377,11
63386,1
63398,2
63457,4
63470,3
63475,2
63548,2
63557,2
63559,18
63561,35
63566,2
63567,2
63569,2
63572,2
63573,2
63575,2
63663,127
63668,79
63681,3
63743,87
63744,87
63758,4
63760,143
63769,87
63770,37
63772,87
63773,87
63774,3
63776,87
63777,11
63778,6
63779,6
63780,6
63783,87
63792,22
63793,22
63794,22
63795,22
63796,22
63797,22
63799,22
63800,4
63802,22
63803,82
63806,22
63809,15
63810,15
63816,2
63818,1
63826,117
63827,45
63833,1
63835,5
63841,12
63843,1
63844,5
63846,118
63849,2
63850,3
63851,2
63852,2
63854,1
63878,143
63879,2
63891,143
63896,194
63902,3
63927,22
63970,5
63977,118
63981,118
63999,27
64027,4
64030,3
64103,118
64111,118
64128,18
64138,118
64142,6
64168,11
64274,118
64282,4
64337,3
64352,45
64353,45
64376,2
64391,128
64397,15
64404,143
64406,194
64407,194
64408,194
64413,5
64427,87
64428,260
64442,2
64468,121
64469,9
64474,4
64476,2
64477,2
64480,4
64483,8
64485,8
64486,27
64488,5
64490,218
64495,219
64496,37
64497,12
64500,143
64504,58
64510,25
64512,19
64514,1
64515,1
64516,11
64518,2
64526,4
64527,9
64528,9
64529,9
64530,9
64533,25
64535,36
64536,25
64537,118
64540,21
64541,17
64543,2
64544,2
64545,1
64546,3
64549,4
64550,37
64551,1
64552,1
64553,1
64554,2
64563,27
64566,6
64568,19
64571,22
64572,7
64578,1
64580,87
64585,5
64586,25
64587,25
64588,87
64589,87
64597,8
64598,8
64599,3
64601,3
64643,30
64688,120
64786,82
64815,87
64823,11
64871,6
64885,6
64894,6
64915,89
64919,1
64920,351
64929,11
64940,30
64941,89
64942,89
64943,195
64944,195
64945,195
64954,351
64990,37
65000,3
65001,37
65002,4
65005,13
65006,37
65007,3
65014,37
65016,1
65018,91
65019,16
65020,16
65027,16
65028,1
65029,5
65030,128
65032,91
65034,195
65035,195
65036,195
65041,3
65045,351
65046,351
65047,351
65048,351
65051,30
65071,4
65081,37
65083,17
65084,4
65088,120
65089,4
65091,1
65092,25
65096,25
65097,37
65098,37
65099,25
65106,6
65107,120
65110,37
65117,120
65119,4
65122,16
65127,58
65129,4
65133,263
65134,263
65136,25
65138,25
65139,195
65163,11
65182,120
65193,120
65203,3
65207,16
65220,120
65221,120
65225,196
65231,16
65235,92
65240,32
65249,12
65250,32
65269,120
65316,38
65323,59
65330,196
65342,22
65383,19
65409,143
65410,143
65456,17
65466,14
65474,1
65475,16
65483,92
65512,3
65545,11
65557,8
65576,21
65587,4
65591,21
65605,128
65610,12
65612,128
65622,1
65624,220
65625,8
65628,13
65630,8
65632,6
65640,120
65641,3
65642,3
65644,6
65645,1
65647,1
65648,1
65649,9
65650,9
65651,37
65652,20
65654,6
65656,221
65658,222
65660,9
65661,32
65662,32
65663,32
65664,2
65665,37
65666,1
65667,12
65668,11
65669,12
65670,12
65671,6
65672,3
65673,3
65674,32
65675,1
65677,1
65678,27
65679,27
65680,37
65681,32
65682,121
65685,120
65687,32
65690,11
65693,3
65694,3
65696,32
65699,12
65701,196
65714,1
65717,20
65718,32
65723,1
65724,2
65725,12
65726,144
65727,27
65728,11
65729,82
65730,1
65731,1
65735,1
65736,25
65737,25
65738,1
65739,5
65740,1
65741,1
65742,144
65745,1
65746,5
65747,92
65748,5
65779,1
65803,6
65806,12
65809,12
65818,37
65820,37
65849,38
65857,38
65888,37
65891,7
65892,13
65894,6
65897,2
65912,4
65915,2
65919,12
65927,1
65928,2
65936,1
65955,82
65999,37
66000,37
66007,225
66008,120
66009,225
66024,11
66030,7
66044,1
66045,3
66060,199
66061,199
66062,199
66063,199
66065,4
66066,3
66089,1
66093,1
66104,18
66111,6
66114,121
66126,18
66131,37
66132,37
66134,3
66149,82
66150,199
66157,82
66167,30
66180,25
66181,1
66195,18
66201,144
66202,16
66218,21
66219,21
66222,170
66233,13
66237,15
66241,144
66242,12
66243,12
66244,3
66245,2
66246,5
66247,60
66248,38
66252,5
66256,351
66257,351
66261,3
66262,225
66266,21
66267,37
66268,25
66270,1
66271,1
66282,6
66286,121
66287,21
66289,6
66291,22
66293,9
66294,121
66297,121
66299,25
66300,1
66302,32
66303,12
66308,45
66309,12
66310,12
66313,12
66317,37
66319,11
66322,32
66328,2
66329,22
66330,3
66358,30
66360,11
66394,22
66399,14
66492,6
66515,82
66637,121
66639,121
66706,37
66725,11
66738,3
66739,7
66747,11
66748,11
66757,7
66773,263
66779,38
66781,263
66784,5
66786,6
66788,3
66791,18
66801,1
66804,121
66805,121
66806,9
66807,11
66810,14
66811,1
66812,42
66815,25
66818,1
66819,47
66821,32
66828,133
66848,11
66851,7
66852,225
66854,7
66855,5
66856,15
66857,15
66858,7
66859,1
66860,25
66861,25
66862,121
66863,121
66866,25
66867,25
66868,5
66869,5
66870,25
66871,25
66876,351
66878,11
66889,5
66892,25
66893,25
66895,42
66897,2
66899,3
66901,9
66908,4
66915,4
66924,6
66942,3
66963,37
67020,351
67038,3
67039,3
67091,202
67135,121
67168,145
67178,145
67206,121
67214,11
67224,33
67316,225
67331,25
67342,11
67351,9
67354,1
67358,16
67362,3
67368,37
67370,23
67371,6
67377,3
67379,9
67385,16
67393,3
67396,225
67397,225
67400,9
67402,23
67404,4
67405,4
67407,8
67409,41
67413,11
67416,13
67417,1
67418,3
67421,39
67423,1
67432,14
67433,23
67436,1
67438,39
67440,47
67441,13
67445,7
67447,7
67448,1
67449,1
67450,1
67451,146
67452,171
67458,23
67460,3
67461,3
67462,23
67472,352
67473,352
67482,30
67483,352
67485,30
67487,1
67490,1
67493,7
67494,7
67495,352
67496,1
67497,1
67504,4
67508,23
67509,4
67511,1
67517,27
67519,7
67520,1
67560,13
67579,1
67643,136
67648,25
67649,1
67659,1
67687,83
67692,83
67694,265
67723,1
67741,39
67768,83
67779,203
67784,23
67800,4
67824,62
67830,83
67831,83
67832,83
67922,83
67928,136
67941,121
67943,121
67944,121
67951,121
67964,3
67977,1
67982,14
67989,83
67991,14
68000,5
68003,121
68004,121
68010,23
68011,23
68024,39
68032,7
68043,30
68044,4
68045,4
68046,7
68047,4
68052,7
68053,7
68054,121
68055,121
68056,121
68057,121
68058,7
68059,121
68061,7
68062,7
68065,7
68067,7
68068,121
68069,121
68070,121
68071,121
68073,33
68081,13
68088,5
68112,8
68113,8
68114,5
68116,5
68117,5
68121,84
68123,11
68126,7
68127,1
68132,121
68133,33
68135,14
68139,9
68141,1
68148,8
68152,5
68153,5
68154,5
68155,7
68156,5
68157,7
68166,14
68179,60
68192,1
68194,2
68227,267
68252,84
68302,1
68357,47
68358,47
68374,5
68379,5
68384,84
68391,3
68414,39
68464,140
68476,17
68485,12
68489,8
68496,140
68506,55
68512,16
68521,7
68524,3
68554,29
68557,15
68558,267
68559,267
68564,267
68574,15
68584,11
68588,11
68594,60
68611,15
68641,24
68648,7
68656,4
68657,4
68658,4
68662,33
68664,267
68666,267
68683,6
68687,84
68694,1
68715,3
68723,5
68726,1
68730,60
68732,3
68733,32
68734,32
68735,84
68736,84
68737,84
68738,84
68744,25
68745,33
68755,1
68756,25
68757,122
68760,122
68761,122
68762,1
68763,122
68765,1
68766,25
68767,25
68770,1
68771,25
68774,5
68776,1
68777,13
68779,1
68780,1
68785,24
68788,24
68795,24
68797,25
68799,24
68800,25
68802,5
68805,5
68810,3
68812,24
68822,5
68824,15
68825,6
68826,6
68827,24
68828,96
68830,122
68831,122
68839,25
68841,25
68842,25
68843,96
68844,25
68845,25
68846,25
68847,25
68852,13
68856,26
68859,25
68876,204
68917,2
68918,2
68942,7
68981,13
69008,147
69009,147
69038,29
69061,1
69062,226
69067,1
69068,13
69071,271
69073,4
69075,142
69077,3
69084,13
69088,2
69126,7
69150,5
69164,4
69166,26
69168,11
69178,8
69201,204
69223,7
69225,13
69238,7
69253,204
69258,85
69260,85
69282,142
69287,2
69288,17
69289,17
69291,4
69294,5
69298,273
69301,5
69308,40
69312,27
69313,7
69318,11
69325,40
69332,1
69333,25
69336,29
69338,29
69339,17
69340,1
69341,17
69342,352
69343,34
69346,17
69349,12
69353,1
69354,13
69356,25
69357,25
69358,13
69359,25
69360,25
69361,25
69363,25
69364,25
69365,25
69367,3
69369,25
69370,13
69371,13
69378,32
69379,32
69386,4
69387,4
69390,8
69391,32
69392,3
69393,32
69394,1
69395,100
69396,1
69397,1
69399,15
69403,11
69415,3
69418,125
69420,1
69421,125
69428,12
69438,11
69442,17
69445,11
69446,26
69450,125
69452,3
69454,29
69455,101
69457,17
69465,226
69466,3
69467,176
69484,4
69494,40
69547,12
69556,29
69560,13
69586,47
69587,125
69589,47
69590,47
69591,47
69619,56
69620,56
69626,1
69628,85
69629,3
69633,1
69637,17
69639,1
69641,85
69642,85
69643,85
69644,85
69645,85
69658,26
69667,68
69668,68
69690,15
69698,35
69721,27
69736,13
69737,15
69739,15
69742,17
69765,17
69767,17
69773,12
69851,4
69855,8
69866,274
69871,1
69877,3
69878,4
69892,5
69897,42
69913,1
69917,226
69933,1
69942,85
69943,85
69957,26
69960,3
69964,352
69975,206
69976,11
69982,35
69983,3
69985,226
69987,226
69988,23
69993,1
69997,126
69998,7
70002,226
70003,27
70007,13
70009,4
70010,14
70012,42
70027,42
70032,59
70035,1
70036,353
70040,5
70043,13
70044,127
70046,127
70047,47
70048,4
70050,127
70052,27
70060,12
70061,1
70073,127
70074,61
70083,127
70088,1
70089,27
70107,10
70153,1
70185,142
70191,183
70201,27
70210,27
70213,27
70225,45
70237,47
70245,210
70277,127
70292,7
70295,5
70306,274
70317,274
70318,60
70339,4
70356,1
70364,38
70398,5
70409,7
70411,2
70445,42
70458,42
70479,42
70485,5
70487,4
70495,2
70510,103
70519,144
70534,42
70564,5
70575,3
70579,103
70581,103
70583,149
70586,8
70587,8
70588,1
70589,122
70590,1
70592,1
70593,27
70603,1
70607,34
70608,34
70610,34
70611,27
70614,8
70617,27
70618,27
70619,3
70620,127
70621,1
70622,8
70623,27
70626,13
70628,27
70631,1
70633,8
70635,8
70637,8
70638,1
70642,1
70643,8
70644,1
70646,1
70647,5
70648,46
70656,4
70661,1
70665,1
70673,4
70674,35
70681,151
70682,1
70690,17
70691,17
70692,5
70695,27
70699,27
70702,27
70704,30
70705,27
70714,355
70732,8
70735,8
70736,8
70789,34
70833,85
70871,13
70894,103
70896,151
70908,226
70950,48
70951,48
71007,34
71010,17
71027,13
71046,27
71087,48
71110,87
71111,5
71116,4
71127,22
71129,9
71141,3
71143,15
71152,17
71155,40
71158,48
71162,5
71166,60
71167,11
71170,60
71171,30
71179,17
71180,73
71182,17
71183,5
71186,14
71187,63
71189,63
71191,60
71192,35
71194,63
71196,14
71198,14
71200,1
71201,8
71204,22
71205,48
71207,2
71208,4
71217,15
71222,37
71224,23
71230,23
71242,5
71244,37
71246,3
71248,4
71262,5
71263,42
71268,4
71270,103
71273,41
71281,2
71285,9
71286,9
71288,1
71289,1
71303,13
71311,1
71323,2
71339,3
71352,20
71507,1
71517,2
71565,275
71569,11
71570,11
71571,11
71579,13
71586,38
71603,73
71604,73
71605,3
71641,88
71648,11
71649,11
71653,2
71675,33
71682,20
71686,20
71698,153
71703,73
71713,33
71720,7
71723,60
71728,4
71735,153
71741,18
71742,37
71744,14
71748,356
71752,33
71756,3
71759,226
71760,13
71761,13
71762,1
71763,48
71764,13
71768,3
71772,49
71786,20
71787,10
71790,8
71792,8
71795,8
71796,8
71797,16
71800,2
71802,14
71806,5
71807,20
71808,14
71809,14
71811,14
71813,5
71816,4
71818,14
71841,5
71846,5
71852,22
71854,10
71855,49
71860,49
71865,35
71873,3
71965,13
71972,4
71982,85
71983,85
71984,85
72011,22
72054,1
72101,277
72103,277
72118,277
72176,93
72202,93
72219,14
72226,4
72229,20
72231,24
72237,9
72238,9
72240,277
72241,277
72243,277
72247,20
72273,22
72289,15
72291,50
72298,16
72301,1
72302,229
72305,50
72306,50
72313,46
72314,46
72327,15
72330,2
72334,5
72338,17
72350,93
72353,277
72356,234
72358,15
72359,76
72360,234
72367,18
72368,5
72369,50
72371,13
72372,13
72380,1
72385,50
72386,50
72388,13
72389,1
72394,8
72399,50
72404,50
72409,13
72414,4
72419,50
72420,50
72422,13
72426,1
72427,15
72428,4
72432,38
72439,1
72440,9
72447,4
72449,5
72454,3
72455,5
72456,180
72458,7
72462,1
72464,20
72504,3
72581,106
72588,15
72599,6
72625,49
72626,49
72627,49
72628,49
72644,9
72649,5
72659,15
72666,5
72685,49
72695,130
72708,49
72709,49
72710,49
72711,49
72713,49
72718,49
72719,49
72729,49
72749,17
72761,82
72762,9
72770,43
72774,43
72787,4
72807,357
72836,11
72840,166
72843,93
72850,5
72866,107
72873,37
72889,37
72891,9
72901,37
72914,7
72918,1
72920,27
72923,50
72926,27
72928,27
72931,83
72933,29
72938,236
72939,236
72946,1
72949,226
72953,4
72956,32
72959,1
72962,94
72963,94
72967,5
72970,5
72971,227
72973,88
72975,9
72978,1
72980,14
72991,5
72992,16
72999,227
73001,4
73002,5
73008,7
73014,56
73015,1
73017,50
73018,4
73022,8
73023,2
73024,4
73025,1
73027,1
73030,8
73031,7
73036,1
73038,1
73039,8
73042,1
73048,14
73052,4
73071,5
73110,8
73183,237
73188,228
73191,228
73192,1
73199,5
73213,94
73222,5
73235,18
73239,4
73247,1
73255,3
73256,2
73257,4
73264,1
73299,27
73322,282
73323,282
73324,282
73325,282
73326,282
73329,8
73335,171
73341,282
73350,19
73356,123
73359,29
73365,5
73366,4
73367,1
73380,7
73401,1
73413,50
73424,357
73426,357
73429,357
73430,357
73432,357
73434,6
73447,9
73457,9
73458,14
73459,9
73462,1
73486,47
73488,3
73491,357
73492,357
73496,18
73497,7
73500,107
73501,237
73503,14
73504,14
73505,14
73509,14
73517,43
73518,43
73519,9
73524,4
73525,14
73529,43
73530,5
73531,43
73537,5
73542,5
73545,34
73546,34
73550,27
73551,1
73552,5
73553,9
73555,13
73556,1
73557,15
73560,13
73561,4
73562,6
73563,18
73564,1
73566,4
73569,229
73579,13
73580,357
73582,357
73583,229
73585,13
73590,1
73591,357
73592,10
73593,169
73595,357
73598,4
73599,18
73601,357
73603,1
73604,8
73606,2
73607,4
73609,107
73610,107
73611,13
73614,357
73615,16
73617,50
73618,4
73619,2
73625,1
73628,94
73633,192
73635,183
73636,5
73637,34
73638,4
73659,1
73676,5
73679,5
73691,1
73693,37
73694,9
73700,15
73703,2
73704,37
73758,94
73761,94
73763,95
73770,107
73781,1
73784,38
73786,16
73846,19
73862,13
73869,18
73874,4
73884,19
73889,130
73890,130
73891,107
73893,357
73894,357
73897,33
73917,2
73948,50
73968,61
73976,7
73983,4
73994,17
74003,107
74031,130
74036,130
74047,47
74056,35
74066,35
74069,8
74071,8
74072,8
74086,229
74087,8
74089,9
74096,27
74114,176
74118,5
74121,2
74124,2
74125,5
74128,130
74129,130
74130,130
74131,130
74132,130
74133,130
74134,130
74136,5
74148,17
74149,357
74151,1
74153,5
74154,5
74156,2
74157,10
74158,5
74159,1
74160,107
74161,107
74163,1
74164,4
74165,1
74166,52
74167,1
74168,1
74182,2
74183,230
74187,4
74191,14
74193,4
74194,10
74195,10
74196,4
74198,230
74199,8
74201,230
74202,10
74203,10
74204,10
74206,10
74207,8
74208,130
74210,9
74213,14
74215,8
74216,6
74221,14
74225,8
74231,8
74233,8
74234,2
74239,357
74255,95
74283,11
74284,11
74285,11
74304,61
74373,9
74446,5
74474,177
74497,2
74502,3
74514,2
74525,5
74530,18
74538,230
74539,96
74555,5
74565,96
74591,29
74616,284
74623,35
74629,1
74633,38
74634,38
74672,14
74685,40
74701,7
74709,19
74714,27
74718,11
74719,5
74725,177
74728,5
74733,284
74734,284
74735,43
74736,1
74737,177
74740,177
74742,230
74746,1
74748,1
74753,38
74754,35
74758,4
74759,4
74760,1
74761,1
74762,4
74764,357
74765,4
74767,1
74768,357
74769,6
74772,14
74773,50
74776,3
74777,11
74778,11
74781,357
74783,4
74784,357
74785,14
74786,4
74788,177
74789,14
74790,1
74792,96
74793,1
74795,14
74796,14
74797,14
74800,357
74804,172
74805,357
74809,244
74810,244
74811,14
74812,10
74815,5
74816,284
74818,177
74819,2
74821,27
74822,11
74825,96
74826,19
74833,1
74838,5
74841,5
74842,1
74843,2
74844,5
74845,10
74846,43
74849,14
74850,1
74854,14
74855,7
74856,56
74857,53
74864,1
74867,7
74916,130
74918,130
74920,130
74936,130
74993,14
74994,14
75002,56
75003,56
75004,56
75006,56
75013,130
75095,1
75100,248
75114,8
75134,8
75146,50
75147,50
75150,2
75155,57
75181,172
75194,107
75195,107
75196,107
75211,2
75212,50
75213,50
75225,7
75234,9
75255,14
75256,14
75261,37
75264,5
75276,50
75280,4
75281,4
75283,8
75284,2
75294,5
75298,4
75299,4
75302,35
75303,35
75323,4
75328,1
75339,14
75340,14
75342,28
75344,19
75345,5
75351,1
75352,18
75354,177
75355,5
75356,5
75360,9
75364,358
75365,358
75366,130
75370,11
75372,28
75373,2
75378,2
75379,14
75380,5
75381,18
75382,9
75383,35
75396,37
75397,4
75400,1
75403,18
75406,4
75407,4
75415,5
75416,130
75417,130
75422,5
75423,130
75426,130
75427,130
75431,1
75433,1
75434,130
75436,17
75437,17
75438,37
75439,28
75442,28
75447,14
75448,7
75464,14
75473,6
75477,14
75480,6
75493,5
75499,5
75535,14
75577,18
75650,177
75681,11
75720,1
75733,1
75737,27
75741,27
75758,9
75774,13
75779,9
75782,109
75791,251
75816,130
75830,2
75857,85
75858,15
75863,10
75867,5
75876,27
75886,284
75891,358
75893,43
75898,130
75899,130
75904,6
75905,231
75906,231
75909,231
75921,37
75925,51
75928,13
75937,55
75943,2
75958,6
75959,8
75966,18
75967,18
75969,1
75971,18
75972,18
75973,1
75979,9
75980,226
75981,226
75982,226
75986,9
75987,1
75988,15
75989,1
75990,9
75991,8
75993,1
75997,28
76000,231
76001,1
76004,19
76006,54
76008,51
76010,20
76014,9
76015,27
76016,4
76018,226
76021,1
76027,37
76033,1
76034,27
76035,1
76037,174
76038,4
76039,4
76043,5
76044,2
76047,18
76048,1
76068,28
76069,28
76071,28
76073,28
76076,28
76082,15
76084,2
76086,15
76088,7
76125,51
76130,85
76131,85
76134,51
76135,51
76136,51
76142,35
76189,14
76196,14
76236,1
76249,110
76253,20
76255,110
76303,51
76348,1
76361,5
76400,284
76401,284
76428,18
76467,14
76482,131
76528,10
76529,10
76531,51
76532,51
76533,51
76534,51
76535,51
76539,1
76560,226
76562,226
76565,226
76569,20
76571,231
76576,125
76578,15
76579,20
76580,15
76581,8
76582,20
76583,2
76586,57
76587,13
76588,85
76590,85
76594,10
76597,15
76601,20
76602,14
76603,15
76604,15
76607,37
76611,5
76613,1
76618,14
76620,131
76621,131
76629,4
76630,28
76635,255
76637,20
76638,20
76644,37
76648,226
76649,226
76653,131
76654,20
76658,20
76659,20
76662,20
76666,2
76668,14
76672,35
76673,28
76674,3
76675,125
76677,15
76678,231
76683,10
76684,10
76685,8
76687,8
76689,10
76690,8
76691,10
76783,286
76797,5
76816,39
76848,3
76850,131
76903,18
76929,12
76939,18
76942,131
76957,3
76961,1
76982,4
76983,4
76990,21
77005,28
77031,1
77037,1
77039,131
77046,8
77049,9
77050,3
77065,1
77089,20
77090,20
77095,64
77100,131
77104,110
77108,226
77115,27
77116,27
77117,27
77132,20
77136,2
77147,365
77155,28
77166,11
77177,287
77186,13
77187,13
77188,13
77189,13
77190,13
77191,13
77192,13
77193,13
77196,13
77204,55
77206,56
77207,131
77208,28
77211,58
77212,3
77214,10
77215,3
77216,3
77233,131
77236,58
77240,20
77241,20
77242,20
77246,10
77248,6
77251,258
77252,5
77253,258
77254,1
77256,5
77257,32
77259,131
77260,131
77261,131
77263,287
77264,199
77275,5
77276,131
77277,131
77280,87
77281,21
77282,21
77286,43
77290,27
77292,131
77293,32
77296,231
77301,131
77302,4
77303,7
77313,9
77314,9
77315,9
77317,5
77320,10
77322,22
77325,87
77326,287
77328,10
77331,1
77332,1
77333,25
77334,10
77335,1
77336,10
77337,1
77339,1
77340,1
77341,1
77342,1
77344,10
77345,29
77350,9
77356,4
77357,9
77362,366
77368,10
77371,261
77374,288
77376,366
77380,1
77382,1
77395,99
77396,366
77408,30
77420,43
77434,18
77435,18
77437,1
77444,1
77469,18
77475,23
77483,4
77490,5
77494,101
77515,131
77517,4
77518,1
77523,232
77530,14
77545,99
77550,37
77551,37
77552,37
77559,1
77560,1
77562,1
77604,12
77633,99
77634,99
77641,65
77646,65
77647,201
77648,201
77655,1
77663,7
77666,1
77667,1
77677,40
77678,40
77679,40
77680,40
77681,40
77682,40
77692,14
77693,14
77717,1
77725,1
77730,1
77732,1
77741,65
77743,1
77760,1
77779,12
77780,12
77799,101
77809,23
77812,23
77816,23
77828,18
77829,18
77833,59
77837,9
77841,35
77847,12
77856,5
77857,6
77866,14
77873,2
77876,2
77877,1
77879,6
77881,1
77882,6
77887,9
77891,14
77895,59
77901,35
77902,1
77912,27
77913,27
77918,11
77923,2
77924,18
77925,18
77926,18
77929,11
77931,5
77934,30
77935,6
77936,5
77940,30
77945,10
77946,27
77948,1
77951,18
77952,10
77955,18
77965,30
77966,60
77967,61
77969,62
77970,18
78042,1
78070,102
78092,99
78109,2
78114,8
78130,11
78178,5
78196,291
78200,66
78226,9
78236,2
78257,27
78259,27
78263,27
78279,102
78280,1
78283,111
78322,35
78323,35
78341,4
78342,4
78349,1
78355,99
78356,99
78357,99
78361,19
78389,57
78390,57
78397,4
78398,4
78402,112
78405,33
78410,10
78415,99
78416,5
78417,99
78436,6
78449,27
78465,63
78472,99
78473,6
78474,33
78477,99
78480,99
78481,4
78482,99
78486,30
78487,87
78489,33
78490,112
78492,14
78493,14
78494,19
78495,14
78502,9
78503,99
78504,99
78505,6
78507,87
78508,99
78509,19
78510,47
78511,19
78513,4
78516,5
78517,35
78519,22
78523,9
78524,9
78531,7
78533,33
78534,3
78538,5
78539,3
78541,3
78542,22
78544,22
78545,12
78548,7
78552,102
78553,12
78555,3
78556,21
78559,90
78561,90
78569,5
78571,5
78582,366
78583,14
78590,44
78591,44
78593,3
78595,233
78602,27
78641,1
78728,28
78742,62
78767,14
78770,90
78781,105
78786,208
78787,105
78803,109
78818,1
78843,1
78865,14
78877,54
78902,105
78910,208
78919,16
78953,4
78954,64
78978,62
78979,27
78981,5
78984,39
78990,14
79009,4
79011,7
79024,1
79039,366
79056,5
79065,23
79072,23
79081,2
79086,11
79091,9
79093,5
79097,8
79100,14
79103,3
79104,1
79106,1
79112,14
79115,7
79117,62
79120,44
79122,134
79124,19
79125,62
79131,19
79144,7
79152,109
79153,19
79155,1
79157,19
79158,109
79161,27
79162,27
79163,27
79164,27
79165,5
79166,67
79167,19
79171,1
79173,13
79176,112
79181,57
79182,135
79183,135
79184,135
79185,19
79186,2
79189,136
79192,62
79193,16
79196,1
79197,23
79198,1
79199,23
79203,28
79206,1
79210,5
79211,2
79220,2
79232,68
79239,7
79242,7
79252,58
79315,4
79364,109
79454,109
79455,109
79456,109
79457,109
79480,19
79499,13
79540,7
79553,21
79554,21
79598,13
79600,6
79621,5
79622,368
79624,6
79628,27
79629,27
79630,39
79638,30
79642,8
79650,2
79660,8
79663,187
79670,6
79678,19
79680,109
79684,109
79688,18
79689,112
79690,112
79695,20
79701,13
79702,13
79704,70
79708,20
79710,5
79711,5
79715,30
79716,11
79717,1
79718,1
79720,30
79724,30
79726,30
79727,5
79728,137
79729,30
79730,5
79731,368
79733,6
79734,21
79735,2
79737,1
79745,2
79752,21
79755,1
79756,6
79758,30
79762,6
79764,21
79766,2
79768,6
79769,6
79772,29
79773,2
79774,2
79782,369
79783,369
79784,2
79786,226
79794,30
79796,70
79800,1
79803,6
79804,6
79806,2
79807,2
79809,6
79864,15
79866,44
79901,10
79962,70
79978,1
79999,137
80062,371
80076,187
80079,68
80102,15
80115,54
80123,54
80143,15
80161,187
80162,187
80178,6
80186,64
80187,64
80190,54
80212,13
80214,19
80223,64
80224,70
80226,64
80230,19
80232,6
80234,15
80235,15
80239,6
80242,6
80247,298
80254,128
80256,2
80259,7
80261,7
80268,110
80270,114
80274,6
80275,44
80277,1
80278,9
80281,64
80282,66
80284,19
80286,3
80287,233
80288,2
80291,67
80292,22
80295,6
80297,114
80302,6
80311,5
80312,29
80313,21
80316,5
80317,138
80328,2
80331,11
80332,138
80336,2
80341,30
80342,6
80350,3
80356,30
80357,30
80358,30
80361,2
80362,32
80364,5
80365,2
80366,70
80367,5
80370,139
80372,2
80375,32
80376,32
80377,32
80379,9
80382,9
80385,29
80392,32
80464,29
80472,39
80479,39
80534,116
80539,13
80543,71
80594,1
80600,1
80614,68
80615,33
80617,71
80620,18
80622,110
80637,71
80638,71
80639,19
80666,55
80671,4
80672,9
80673,71
80674,39
80694,19
80706,19
80711,39
80719,91
80720,222
80724,91
80725,24
80739,13
80756,71
80762,15
80763,139
80765,139
80769,6
80772,139
80776,15
80782,31
80791,11
80792,11
80799,6
80802,5
80804,269
80814,33
80815,2
80818,10
80829,1
80830,1
80832,1
80834,21
80835,11
80839,8
80840,8
80841,1
80842,1
80843,8
80845,30
80847,6
80848,377
80854,6
80856,73
80857,73
80858,6
80859,30
80862,14
80863,14
80864,8
80872,9
80874,3
80876,3
80878,3
80880,2
80881,2
80883,2
80884,19
80888,8
80890,140
80893,2
80896,2
80897,140
80900,3
80901,29
80902,1
80903,30
80904,72
80905,11
80907,140
80909,30
80910,19
80911,9
80912,3
80914,1
80915,72
80917,15
80918,6
80920,74
80922,29
80926,6
80927,19
80928,29
80930,6
80934,29
80938,6
80939,33
80940,33
80948,6
80970,6
80978,140
80979,140
80980,140
81001,16
81004,4
81020,30
81035,6
81092,16
81106,117
81122,110
81134,18
81138,18
81139,116
81163,6
81172,15
81178,55
81208,73
81210,15
81217,56
81219,39
81225,141
81252,15
81264,233
81279,15
81283,233
81303,116
81304,117
81305,15
81323,15
81331,15
81333,141
81347,5
81348,5
81354,27
81374,221
81376,31
81378,298
81381,117
81392,224
81395,6
81396,142
81397,142
81398,6
81400,44
81401,12
81403,19
81408,30
81409,3
81411,30
81412,1
81413,3
81415,13
81421,14
81422,14
81423,142
81425,142
81426,30
81428,30
81429,30
81430,29
81431,30
81433,30
81434,117
81435,30
81438,234
81439,30
81440,40
81441,15
81442,30
81444,56
81451,30
81452,9
81453,2
81455,234
81457,1
81463,4
81464,30
81465,16
81468,40
81479,7
81480,56
81481,3
81483,235
81484,12
81485,2
81489,21
81490,14
81494,1
81529,2
81540,39
81565,29
81599,39
81619,5
81672,27
81685,142
81721,298
81724,2
81726,10
81733,269
81743,20
81746,4
81747,4
81748,4
81749,4
81762,27
81765,235
81780,27
81784,27
81792,142
81796,61
81808,27
81841,40
81862,380
81863,380
81868,6
81875,117
81887,3
81891,39
81912,6
81921,9
81923,9
81943,19
81950,76
81953,110
81954,22
81967,380
81973,142
81974,142
81978,7
81980,29
81986,27
81987,10
81988,142
82000,40
82001,10
82002,1
82004,1
82010,39
82013,20
82014,20
82016,224
82017,6
82018,36
82019,13
82020,142
82024,142
82025,13
82026,112
82028,5
82029,112
82039,142
82040,14
82041,142
82046,1
82047,27
82052,20
82056,6
82058,27
82060,6
82063,14
82064,14
82068,30
82069,27
82077,11
82078,6
82079,6
82080,27
82084,27
82090,59
82091,75
82096,13
82098,1
82099,188
82101,112
82119,44
82151,1
82258,40
82283,29
82307,20
82308,269
82320,20
82321,44
82324,269
82338,8
82341,117
82369,40
82379,6
82390,24
82400,19
82405,25
82408,31
82418,142
82422,30
82440,142
82441,16
82480,20
82495,7
82501,76
82504,47
82516,142
82524,11
82526,56
82527,56
82528,56
82529,56
82530,56
82531,56
82532,56
82533,56
82539,1
82546,14
82547,24
82552,269
82555,78
82560,117
82561,117
82563,13
82567,117
82568,117
82575,11
82576,11
82577,29
82579,56
82580,2
82582,40
82583,142
82584,29
82585,142
82586,2
82589,142
82593,6
82595,142
82598,6
82599,7
82600,29
82602,56
82606,11
82611,11
82613,6
82614,5
82619,30
82620,29
82627,3
82639,3
82640,11
82644,56
82645,56
82646,56
82648,41
82651,23
82653,11
82657,4
82658,11
82660,25
82662,20
82663,23
82664,47
82667,13
82668,118
82669,13
82670,6
82672,70
82674,70
82675,20
82677,188
82680,47
82682,47
82685,25
82777,302
82778,302
82779,302
82797,24
82804,24
82874,6
82899,41
82934,380
82972,189
82983,51
82984,1
83000,13
83016,6
83043,40
83055,26
83062,26
83066,20
83067,20
83072,78
83087,41
83108,1
83113,8
83115,8
83117,1
83129,1
83130,25
83131,1
83133,39
83137,20
83138,25
83139,20
83140,28
83143,8
83148,41
83156,78
83157,41
83158,26
83159,25
83160,4
83167,380
83168,12
83169,4
83170,51
83171,143
83172,178
83173,51
83174,26
83184,50
83187,11
83188,11
83189,29
83190,22
83194,5
83198,41
83199,16
83207,11
83217,14
83218,20
83224,29
83226,11
83228,6
83232,29
83242,20
83244,3
83257,191
83258,6
83263,1
83264,52
83267,52
83268,52
83271,24
83273,39
83283,145
83321,26
83348,47
83375,24
83393,8
83403,302
83452,14
83454,5
83457,40
83459,2
83470,116
83471,28
83473,133
83491,15
83499,5
83541,28
83545,192
83548,25
83550,1
83554,20
83556,4
83561,120
83566,1
83579,25
83589,1
83598,271
83612,13
83625,25
83631,56
83643,193
83660,40
83661,13
83676,40
83680,13
83681,13
83686,95
83696,36
83698,28
83699,28
83700,120
83701,71
83705,120
83709,41
83710,41
83729,73
83730,6
83733,9
83734,52
83737,120
83748,4
83749,1
83758,1
83765,56
83769,30
83770,2
83772,13
83775,3
83784,47
83785,28
83786,276
83789,380
83791,28
83795,13
83796,40
83802,56
83803,6
83806,6
83809,6
83812,120
83814,6
83816,276
83818,35
83822,142
83828,28
83836,13
83843,5
83845,12
83846,12
83847,12
83848,12
83849,12
83859,71
83860,12
83861,56
83864,71
83868,145
83869,145
83870,12
83871,12
83876,47
83879,6
83882,36
83884,11
83886,1
83888,2
83889,52
83891,24
83896,143
83944,121
83987,277
83988,277
83995,4
84027,20
84028,20
84040,6
84044,277
84073,4
84135,193
84138,12
84154,35
84163,35
84164,35
84165,35
84257,146
84259,194
84265,6
84277,121
84287,5
84295,20
84307,78
84333,1
84346,4
84354,28
84355,28
84356,29
84357,121
84360,6
84365,3
84373,15
84374,15
84376,40
84379,6
84382,21
84385,73
84396,31
84401,40
84405,20
84407,31
84409,6
84411,4
84418,28
84422,79
84423,1
84427,3
84430,116
84431,29
84432,29
84433,6
84435,40
84440,3
84443,13
84450,6
84451,40
84452,4
84453,4
84454,4
84455,5
84456,4
84457,5
84459,148
84462,6
84465,79
84466,79
84467,3
84468,3
84469,31
84470,30
84471,6
84472,11
84473,31
84475,40
84478,149
84481,13
84483,8
84487,78
84488,78
84489,78
84490,78
84491,6
84494,25
84497,26
84500,6
84507,29
84510,307
84536,12
84544,282
84548,80
84598,1
84608,53
84610,53
84612,1
84620,2
84626,20
84632,53
84642,2
84659,131
84663,131
84664,13
84666,131
84695,15
84699,1
84707,18
84708,18
84711,282
84712,282
84713,2
84719,61
84727,62
84735,65
84747,66
84760,40
84785,1
84788,66
84793,66
84804,69
84808,16
84809,70
84810,56
84812,73
84814,80
84818,74
84824,30
84838,194
84846,116
84847,6
84902,16
84926,11
84927,1
84935,23
84943,15
84946,53
84948,12
84959,1
84971,5
84975,47
84980,47
84982,1
84986,16
84989,1
85024,8
85026,32
85030,1
85037,16
85038,1
85042,30
85045,1
85048,3
85050,1
85051,2
85052,1
85056,22
85057,7
85060,30
85062,80
85066,6
85071,20
85072,20
85073,30
85075,30
85076,1
85077,8
85079,12
85080,12
85081,12
85082,307
85089,40
85090,150
85093,283
85094,33
85095,33
85096,6
85098,6
85099,33
85100,33
85101,20
85102,33
85103,33
85104,2
85105,227
85106,227
85107,33
85108,3
85109,239
85110,4
85111,16
85112,239
85113,8
85114,9
85115,9
85116,239
85117,1
85120,16
85121,239
85122,239
85123,5
85124,239
85125,41
85126,239
85127,1
85128,30
85130,31
85131,73
85132,31
85134,8
85135,1
85140,30
85142,35
85143,35
85144,48
85147,6
85148,28
85149,8
85150,239
85151,79
85152,1
85153,239
85154,2
85155,1
85156,3
85157,15
85158,28
85160,3
85161,156
85162,156
85163,156
85164,3
85165,12
85166,178
85167,1
85168,6
85169,22
85170,38
85173,7
85174,7
85176,30
85177,55
85178,194
85179,12
85180,380
85181,380
85183,307
85184,307
85185,307
85186,30
85187,307
85188,12
85189,33
85190,288
85191,288
85192,12
